insert into user (user_id, name, gender, country, date_registered, number_of_gyms_battled, team, level, username, password) values (1, 'Phyllis', 'Female', 'Sweden', '2016/05/27', 15, 'NULL', 83, 'pmartin0', 't1TN9qpSQLIS');
insert into user (user_id, name, gender, country, date_registered, number_of_gyms_battled, team, level, username, password) values (2, 'Emily', 'Female', 'Portugal', '2016/10/10', 3, 'mystic', 9, 'epeterson1', 'S4yTyH');
insert into user (user_id, name, gender, country, date_registered, number_of_gyms_battled, team, level, username, password) values (3, 'Keith', 'Male', 'Belarus', '2016/05/25', 5, 'mystic', 4, 'kgarrett2', 'EPLrOdogqws');
insert into user (user_id, name, gender, country, date_registered, number_of_gyms_battled, team, level, username, password) values (4, 'Nicholas', 'Male', 'Cyprus', '2015/11/22', 3, 'valor', 13, 'ngomez3', 'UaM8RHgeP');
insert into user (user_id, name, gender, country, date_registered, number_of_gyms_battled, team, level, username, password) values (5, 'Howard', 'Male', 'Kosovo', '2016/03/30', 9, 'valor', 34, 'hlawrence4', 'yCdKf0YXDV');
insert into user (user_id, name, gender, country, date_registered, number_of_gyms_battled, team, level, username, password) values (6, 'Catherine', 'Female', 'China', '2016/03/31', 18, 'instinct', 2, 'cperez5', '8MVRvEEebb');
insert into user (user_id, name, gender, country, date_registered, number_of_gyms_battled, team, level, username, password) values (7, 'Jeffrey', 'Male', 'China', '2016/11/09', 3, 'instinct', 90, 'jmarshall6', 'dTL75vU9krD');
insert into user (user_id, name, gender, country, date_registered, number_of_gyms_battled, team, level, username, password) values (8, 'Harry', 'Male', 'Tanzania', '2016/05/07', 1, 'instinct', 13, 'hlopez7', 'LJh2OM');
insert into user (user_id, name, gender, country, date_registered, number_of_gyms_battled, team, level, username, password) values (9, 'Emily', 'Female', 'China', '2016/04/15', 15, 'NULL', 97, 'elane8', 'zSZcjOrr');
insert into user (user_id, name, gender, country, date_registered, number_of_gyms_battled, team, level, username, password) values (10, 'Jesse', 'Male', 'Democratic Republic of the Congo', '2016/05/15', 8, 'valor', 44, 'jgomez9', 'wzmxgEM');
insert into user (user_id, name, gender, country, date_registered, number_of_gyms_battled, team, level, username, password) values (11, 'Annie', 'Female', 'Poland', '2016/06/26', 5, 'mystic', 39, 'aburtona', '0ON2lI9nN');
insert into user (user_id, name, gender, country, date_registered, number_of_gyms_battled, team, level, username, password) values (12, 'Alice', 'Female', 'Venezuela', '2015/12/24', 1, 'valor', 87, 'adunnb', 'PK5aAsjAkld');
insert into user (user_id, name, gender, country, date_registered, number_of_gyms_battled, team, level, username, password) values (13, 'Janet', 'Female', 'Russia', '2016/02/10', 10, 'valor', 87, 'jpricec', '2siStp');
insert into user (user_id, name, gender, country, date_registered, number_of_gyms_battled, team, level, username, password) values (14, 'Jacqueline', 'Female', 'Belarus', '2015/12/12', 20, 'NULL', 69, 'jjohnstond', 'NN7kubgHD');
insert into user (user_id, name, gender, country, date_registered, number_of_gyms_battled, team, level, username, password) values (15, 'Robert', 'Male', 'Colombia', '2016/03/24', 6, 'mystic', 28, 'rwashingtone', '2YYz43H88KfC');
insert into user (user_id, name, gender, country, date_registered, number_of_gyms_battled, team, level, username, password) values (16, 'Denise', 'Female', 'Indonesia', '2016/01/16', 4, 'mystic', 77, 'dwrightf', 'RjyuNesPDOA9');
insert into user (user_id, name, gender, country, date_registered, number_of_gyms_battled, team, level, username, password) values (17, 'Bonnie', 'Female', 'Greece', '2016/02/16', 2, 'NULL', 83, 'bbutlerg', 'ZXhuiMswzS');
insert into user (user_id, name, gender, country, date_registered, number_of_gyms_battled, team, level, username, password) values (18, 'Jason', 'Male', 'China', '2016/11/04', 8, 'instinct', 85, 'jstevensh', 'L4NaLq0kg8c');
insert into user (user_id, name, gender, country, date_registered, number_of_gyms_battled, team, level, username, password) values (19, 'Theresa', 'Female', 'China', '2016/08/10', 4, 'NULL', 52, 'tlarsoni', '8bUN8GFFBUz');
insert into user (user_id, name, gender, country, date_registered, number_of_gyms_battled, team, level, username, password) values (20, 'Ann', 'Female', 'Brazil', '2016/07/17', 18, 'NULL', 25, 'acoxj', 'sQUd11uy');
insert into user (user_id, name, gender, country, date_registered, number_of_gyms_battled, team, level, username, password) values (21, 'Linda', 'Female', 'Thailand', '2016/06/05', 17, 'NULL', 64, 'lthomask', 'nttWw4qeuF8');
insert into user (user_id, name, gender, country, date_registered, number_of_gyms_battled, team, level, username, password) values (22, 'Ashley', 'Female', 'Serbia', '2016/10/30', 9, 'mystic', 64, 'agonzalesl', 'EV1w7vvi3O');
insert into user (user_id, name, gender, country, date_registered, number_of_gyms_battled, team, level, username, password) values (23, 'Stephanie', 'Female', 'China', '2016/08/26', 15, 'valor', 43, 'shansonm', 'nTVR6DA7UH');
insert into user (user_id, name, gender, country, date_registered, number_of_gyms_battled, team, level, username, password) values (24, 'Kenneth', 'Male', 'China', '2016/09/06', 8, 'mystic', 26, 'kcoxn', 'NT4zZ5H7');
insert into user (user_id, name, gender, country, date_registered, number_of_gyms_battled, team, level, username, password) values (25, 'Alice', 'Female', 'United States', '2016/06/03', 5, 'mystic', 79, 'aharpero', 'kbkFBeFCxjWY');
insert into user (user_id, name, gender, country, date_registered, number_of_gyms_battled, team, level, username, password) values (26, 'Samuel', 'Male', 'Portugal', '2015/11/17', 1, 'mystic', 69, 'shansenp', 'pR4XT7dJovo');
insert into user (user_id, name, gender, country, date_registered, number_of_gyms_battled, team, level, username, password) values (27, 'John', 'Male', 'Peru', '2016/08/27', 18, 'instinct', 31, 'jhowardq', 'wTvIGaDuxnd');
insert into user (user_id, name, gender, country, date_registered, number_of_gyms_battled, team, level, username, password) values (28, 'Fred', 'Male', 'Colombia', '2016/04/23', 5, 'NULL', 60, 'fchavezr', 'qzJHKMVZk');
insert into user (user_id, name, gender, country, date_registered, number_of_gyms_battled, team, level, username, password) values (29, 'Victor', 'Male', 'Russia', '2015/12/15', 16, 'valor', 82, 'vgarzas', 'PVGwJcAXNLx');
insert into user (user_id, name, gender, country, date_registered, number_of_gyms_battled, team, level, username, password) values (30, 'Alice', 'Female', 'France', '2016/11/05', 16, 'valor', 78, 'arileyt', 'gwpnX5YI2');
insert into user (user_id, name, gender, country, date_registered, number_of_gyms_battled, team, level, username, password) values (31, 'Willie', 'Male', 'China', '2016/07/12', 7, 'valor', 20, 'wwarrenu', 'HMvr4QiobKN');
insert into user (user_id, name, gender, country, date_registered, number_of_gyms_battled, team, level, username, password) values (32, 'Kimberly', 'Female', 'Brazil', '2016/09/07', 16, 'NULL', 55, 'kmillsv', 'omjtJ7');
insert into user (user_id, name, gender, country, date_registered, number_of_gyms_battled, team, level, username, password) values (33, 'Ruth', 'Female', 'Indonesia', '2016/02/21', 1, 'instinct', 45, 'rruizw', 'lelPMxSx20B');
insert into user (user_id, name, gender, country, date_registered, number_of_gyms_battled, team, level, username, password) values (34, 'Juan', 'Male', 'China', '2015/11/13', 0, 'mystic', 92, 'jgonzalesx', 'LcjW2iTaRb');
insert into user (user_id, name, gender, country, date_registered, number_of_gyms_battled, team, level, username, password) values (35, 'Fred', 'Male', 'Portugal', '2016/10/25', 18, 'valor', 32, 'ffloresy', 'W7u9de8gR');
insert into user (user_id, name, gender, country, date_registered, number_of_gyms_battled, team, level, username, password) values (36, 'Jose', 'Male', 'Serbia', '2016/03/14', 20, 'instinct', 9, 'jhowardz', 'PxQkNS2');
insert into user (user_id, name, gender, country, date_registered, number_of_gyms_battled, team, level, username, password) values (37, 'Scott', 'Male', 'Georgia', '2016/10/17', 0, 'NULL', 72, 'ssimpson10', 'B2deh8Obn9');
insert into user (user_id, name, gender, country, date_registered, number_of_gyms_battled, team, level, username, password) values (38, 'Earl', 'Male', 'Russia', '2016/04/14', 12, 'mystic', 99, 'erice11', 'Ljx47aENAFs0');
insert into user (user_id, name, gender, country, date_registered, number_of_gyms_battled, team, level, username, password) values (39, 'Ernest', 'Male', 'Afghanistan', '2016/02/17', 18, 'NULL', 86, 'ejacobs12', '78ajnU');
insert into user (user_id, name, gender, country, date_registered, number_of_gyms_battled, team, level, username, password) values (40, 'Steven', 'Male', 'Honduras', '2016/10/28', 2, 'instinct', 82, 'sstephens13', 'rQ9tHCjalMH');
insert into user (user_id, name, gender, country, date_registered, number_of_gyms_battled, team, level, username, password) values (41, 'Tammy', 'Female', 'Cameroon', '2016/07/07', 5, 'instinct', 92, 'ttaylor14', 'n8eNFe');
insert into user (user_id, name, gender, country, date_registered, number_of_gyms_battled, team, level, username, password) values (42, 'Marilyn', 'Female', 'China', '2016/01/24', 0, 'instinct', 28, 'mwilson15', '92jbsk5i');
insert into user (user_id, name, gender, country, date_registered, number_of_gyms_battled, team, level, username, password) values (43, 'Jerry', 'Male', 'China', '2016/05/11', 10, 'instinct', 23, 'jmills16', 'TBzULCZ1');
insert into user (user_id, name, gender, country, date_registered, number_of_gyms_battled, team, level, username, password) values (44, 'Elizabeth', 'Female', 'Tunisia', '2016/08/11', 15, 'NULL', 64, 'ehowell17', 'ZB3bk53t');
insert into user (user_id, name, gender, country, date_registered, number_of_gyms_battled, team, level, username, password) values (45, 'William', 'Male', 'Uganda', '2015/12/02', 18, 'instinct', 82, 'whudson18', 'MoBK8nw');
insert into user (user_id, name, gender, country, date_registered, number_of_gyms_battled, team, level, username, password) values (46, 'Brandon', 'Male', 'Philippines', '2016/05/10', 14, 'NULL', 62, 'bhamilton19', 'fEjwXdvKR');
insert into user (user_id, name, gender, country, date_registered, number_of_gyms_battled, team, level, username, password) values (47, 'Andrew', 'Male', 'Indonesia', '2016/02/26', 19, 'NULL', 36, 'aowens1a', 'qux2eZKVe7');
insert into user (user_id, name, gender, country, date_registered, number_of_gyms_battled, team, level, username, password) values (48, 'Juan', 'Male', 'Russia', '2016/06/24', 11, 'instinct', 21, 'jalexander1b', 'x1XG4wLO7otw');
insert into user (user_id, name, gender, country, date_registered, number_of_gyms_battled, team, level, username, password) values (49, 'Susan', 'Female', 'China', '2016/05/26', 16, 'instinct', 86, 'slane1c', '75rovUOGHbT9');
insert into user (user_id, name, gender, country, date_registered, number_of_gyms_battled, team, level, username, password) values (50, 'Brenda', 'Female', 'United States', '2016/07/28', 18, 'valor', 6, 'bdavis1d', '7tqw7yWhr');
insert into user (user_id, name, gender, country, date_registered, number_of_gyms_battled, team, level, username, password) values (51, 'Harold', 'Male', 'Brazil', '2015/11/23', 13, 'valor', 26, 'hcoleman1e', '8oNg9H');
insert into user (user_id, name, gender, country, date_registered, number_of_gyms_battled, team, level, username, password) values (52, 'Jane', 'Female', 'Japan', '2016/11/08', 0, 'NULL', 5, 'jwagner1f', 'PqlNt4MpGpH');
insert into user (user_id, name, gender, country, date_registered, number_of_gyms_battled, team, level, username, password) values (53, 'Willie', 'Male', 'Greece', '2016/09/26', 18, 'valor', 53, 'wking1g', 'g8WuCfj');
insert into user (user_id, name, gender, country, date_registered, number_of_gyms_battled, team, level, username, password) values (54, 'Joan', 'Female', 'Uganda', '2016/07/15', 7, 'instinct', 64, 'jbutler1h', 'Ic0gQRl1L0Ib');
insert into user (user_id, name, gender, country, date_registered, number_of_gyms_battled, team, level, username, password) values (55, 'Albert', 'Male', 'China', '2015/12/15', 3, 'valor', 4, 'achavez1i', 'JY0hvWMhUIMp');
insert into user (user_id, name, gender, country, date_registered, number_of_gyms_battled, team, level, username, password) values (56, 'Annie', 'Female', 'Poland', '2016/08/11', 4, 'instinct', 10, 'aperkins1j', 'MZY0OkjNK');
insert into user (user_id, name, gender, country, date_registered, number_of_gyms_battled, team, level, username, password) values (57, 'Richard', 'Male', 'Russia', '2016/07/05', 0, 'instinct', 66, 'rtaylor1k', 'sC3i08XU1oC');
insert into user (user_id, name, gender, country, date_registered, number_of_gyms_battled, team, level, username, password) values (58, 'Robert', 'Male', 'France', '2016/03/14', 8, 'instinct', 14, 'rwells1l', '4Mizfe');
insert into user (user_id, name, gender, country, date_registered, number_of_gyms_battled, team, level, username, password) values (59, 'Christopher', 'Male', 'Poland', '2016/04/12', 0, 'valor', 49, 'criley1m', 'WB0Nme3KA');
insert into user (user_id, name, gender, country, date_registered, number_of_gyms_battled, team, level, username, password) values (60, 'Janice', 'Female', 'Canada', '2016/02/08', 11, 'instinct', 46, 'jdavis1n', 'NUWwImbpbxG');
insert into user (user_id, name, gender, country, date_registered, number_of_gyms_battled, team, level, username, password) values (61, 'Teresa', 'Female', 'Indonesia', '2016/01/15', 4, 'instinct', 76, 'tpeters1o', 'wev8yCD5VGH');
insert into user (user_id, name, gender, country, date_registered, number_of_gyms_battled, team, level, username, password) values (62, 'Nancy', 'Female', 'Greece', '2015/12/27', 12, 'NULL', 79, 'ngeorge1p', 'jav6kmFQ77');
insert into user (user_id, name, gender, country, date_registered, number_of_gyms_battled, team, level, username, password) values (63, 'Howard', 'Male', 'Japan', '2016/10/09', 18, 'mystic', 69, 'hmorrison1q', 'IndDOkXnOO5g');
insert into user (user_id, name, gender, country, date_registered, number_of_gyms_battled, team, level, username, password) values (64, 'Wayne', 'Male', 'Belgium', '2015/11/21', 8, 'valor', 94, 'wrussell1r', 'YBMp5KiYzSl');
insert into user (user_id, name, gender, country, date_registered, number_of_gyms_battled, team, level, username, password) values (65, 'Debra', 'Female', 'France', '2016/03/01', 10, 'NULL', 52, 'dspencer1s', 'ZmDpSjXQW1wZ');
insert into user (user_id, name, gender, country, date_registered, number_of_gyms_battled, team, level, username, password) values (66, 'Larry', 'Male', 'Nicaragua', '2016/11/01', 5, 'NULL', 66, 'lmorrison1t', 'OXp8nbJ');
insert into user (user_id, name, gender, country, date_registered, number_of_gyms_battled, team, level, username, password) values (67, 'Joan', 'Female', 'Kyrgyzstan', '2016/09/21', 19, 'instinct', 98, 'jpalmer1u', 'm69s3jfhQrj');
insert into user (user_id, name, gender, country, date_registered, number_of_gyms_battled, team, level, username, password) values (68, 'Aaron', 'Male', 'Nicaragua', '2016/02/29', 16, 'valor', 34, 'abryant1v', 'ew8Zvje5');
insert into user (user_id, name, gender, country, date_registered, number_of_gyms_battled, team, level, username, password) values (69, 'Robin', 'Female', 'Brazil', '2016/10/14', 13, 'NULL', 25, 'rhughes1w', 'a4BTS1');
insert into user (user_id, name, gender, country, date_registered, number_of_gyms_battled, team, level, username, password) values (70, 'Johnny', 'Male', 'Sri Lanka', '2015/12/30', 0, 'NULL', 46, 'jtorres1x', 'WzFJP4j7x4');
insert into user (user_id, name, gender, country, date_registered, number_of_gyms_battled, team, level, username, password) values (71, 'Debra', 'Female', 'Philippines', '2015/12/09', 11, 'mystic', 22, 'dromero1y', 'vYaGMy5BSRaU');
insert into user (user_id, name, gender, country, date_registered, number_of_gyms_battled, team, level, username, password) values (72, 'Nicholas', 'Male', 'China', '2015/11/29', 1, 'mystic', 18, 'nanderson1z', 'm8MsMc9W');
insert into user (user_id, name, gender, country, date_registered, number_of_gyms_battled, team, level, username, password) values (73, 'Samuel', 'Male', 'Indonesia', '2016/04/04', 8, 'NULL', 77, 'sford20', 'rykRDEWy0');
insert into user (user_id, name, gender, country, date_registered, number_of_gyms_battled, team, level, username, password) values (74, 'Victor', 'Male', 'China', '2015/12/19', 9, 'mystic', 84, 'vevans21', 'lIx9hSjkbu');
insert into user (user_id, name, gender, country, date_registered, number_of_gyms_battled, team, level, username, password) values (75, 'Patrick', 'Male', 'China', '2016/02/20', 16, 'NULL', 41, 'pstanley22', 'fNvRdo');
insert into user (user_id, name, gender, country, date_registered, number_of_gyms_battled, team, level, username, password) values (76, 'Jonathan', 'Male', 'Norway', '2016/01/10', 9, 'instinct', 27, 'jmason23', 'z3QYVpe');
insert into user (user_id, name, gender, country, date_registered, number_of_gyms_battled, team, level, username, password) values (77, 'Maria', 'Female', 'Indonesia', '2016/05/12', 14, 'NULL', 19, 'mhart24', 'dBzyiiX');
insert into user (user_id, name, gender, country, date_registered, number_of_gyms_battled, team, level, username, password) values (78, 'Deborah', 'Female', 'Greece', '2016/03/23', 7, 'NULL', 87, 'dlarson25', 'oT3cOqzS2CIU');
insert into user (user_id, name, gender, country, date_registered, number_of_gyms_battled, team, level, username, password) values (79, 'Scott', 'Male', 'China', '2015/11/16', 4, 'instinct', 94, 'sberry26', '99LIcmvMZlQB');
insert into user (user_id, name, gender, country, date_registered, number_of_gyms_battled, team, level, username, password) values (80, 'Walter', 'Male', 'China', '2016/05/14', 9, 'instinct', 57, 'wdiaz27', 'HlEyrG9sg6Y');
insert into user (user_id, name, gender, country, date_registered, number_of_gyms_battled, team, level, username, password) values (81, 'Nicholas', 'Male', 'Portugal', '2016/07/17', 13, 'mystic', 29, 'nyoung28', 'uwK9TIx78');
insert into user (user_id, name, gender, country, date_registered, number_of_gyms_battled, team, level, username, password) values (82, 'Brian', 'Male', 'Indonesia', '2016/09/19', 12, 'instinct', 45, 'bbarnes29', '9CX4yxRc4e');
insert into user (user_id, name, gender, country, date_registered, number_of_gyms_battled, team, level, username, password) values (83, 'Evelyn', 'Female', 'France', '2015/11/16', 18, 'NULL', 20, 'egonzalez2a', 'rGOx1URid3SP');
insert into user (user_id, name, gender, country, date_registered, number_of_gyms_battled, team, level, username, password) values (84, 'Katherine', 'Female', 'Indonesia', '2016/06/26', 12, 'NULL', 87, 'kgardner2b', 'wYbv7c');
insert into user (user_id, name, gender, country, date_registered, number_of_gyms_battled, team, level, username, password) values (85, 'Mark', 'Male', 'Russia', '2016/09/24', 6, 'instinct', 22, 'mholmes2c', 'PjlzRJ');
insert into user (user_id, name, gender, country, date_registered, number_of_gyms_battled, team, level, username, password) values (86, 'Clarence', 'Male', 'China', '2016/02/03', 13, 'mystic', 95, 'cmatthews2d', '558BQcqOA');
insert into user (user_id, name, gender, country, date_registered, number_of_gyms_battled, team, level, username, password) values (87, 'Anthony', 'Male', 'Madagascar', '2016/03/19', 3, 'NULL', 77, 'amarshall2e', 'DeyGyFoo');
insert into user (user_id, name, gender, country, date_registered, number_of_gyms_battled, team, level, username, password) values (88, 'Bobby', 'Male', 'Portugal', '2016/10/06', 14, 'NULL', 61, 'bjacobs2f', 'UN2cmIAc2');
insert into user (user_id, name, gender, country, date_registered, number_of_gyms_battled, team, level, username, password) values (89, 'Joe', 'Male', 'Poland', '2016/03/19', 5, 'NULL', 41, 'jberry2g', 'DB1g6mFc9w');
insert into user (user_id, name, gender, country, date_registered, number_of_gyms_battled, team, level, username, password) values (90, 'Virginia', 'Female', 'Portugal', '2016/09/07', 3, 'mystic', 1, 'vmyers2h', '5NjaVtukuHC');
insert into user (user_id, name, gender, country, date_registered, number_of_gyms_battled, team, level, username, password) values (91, 'Ronald', 'Male', 'Brazil', '2016/05/23', 8, 'instinct', 30, 'rsmith2i', 'lvMeLr');
insert into user (user_id, name, gender, country, date_registered, number_of_gyms_battled, team, level, username, password) values (92, 'Aaron', 'Male', 'China', '2016/05/04', 14, 'valor', 57, 'alane2j', 'CZ0qzDsTYP2B');
insert into user (user_id, name, gender, country, date_registered, number_of_gyms_battled, team, level, username, password) values (93, 'Sean', 'Male', 'Sweden', '2016/03/03', 8, 'valor', 68, 'slarson2k', 'I6EwzLMlOsb4');
insert into user (user_id, name, gender, country, date_registered, number_of_gyms_battled, team, level, username, password) values (94, 'Wanda', 'Female', 'Indonesia', '2016/03/09', 11, 'instinct', 45, 'wdunn2l', 'X0RPmZZU0');
insert into user (user_id, name, gender, country, date_registered, number_of_gyms_battled, team, level, username, password) values (95, 'Barbara', 'Female', 'New Zealand', '2016/08/19', 6, 'valor', 26, 'bhart2m', '9F2DaX');
insert into user (user_id, name, gender, country, date_registered, number_of_gyms_battled, team, level, username, password) values (96, 'Ashley', 'Female', 'Indonesia', '2015/12/08', 2, 'mystic', 36, 'ajordan2n', 'cGfHY4');
insert into user (user_id, name, gender, country, date_registered, number_of_gyms_battled, team, level, username, password) values (97, 'Juan', 'Male', 'Greece', '2015/12/29', 5, 'NULL', 59, 'jcooper2o', 'VOBJMpAhlL');
insert into user (user_id, name, gender, country, date_registered, number_of_gyms_battled, team, level, username, password) values (98, 'Susan', 'Female', 'Nicaragua', '2016/01/08', 12, 'valor', 20, 'smarshall2p', 'M0d3P3');
insert into user (user_id, name, gender, country, date_registered, number_of_gyms_battled, team, level, username, password) values (99, 'Anthony', 'Male', 'Indonesia', '2016/01/07', 20, 'valor', 97, 'aberry2q', 'iw8VAy');
insert into user (user_id, name, gender, country, date_registered, number_of_gyms_battled, team, level, username, password) values (100, 'Adam', 'Male', 'Indonesia', '2016/08/05', 1, 'instinct', 66, 'awright2r', 'zmEq4NVj');
insert into gym (gym_id, name, country, number_of_users_battled, team, prestige) values (1, 'Jun Wai Lung Medicine', 'France', 31, 'mystic', 1000);
insert into gym (gym_id, name, country, number_of_users_battled, team, prestige) values (2, 'Alcohol', 'Brazil', 80, 'valor', 1000);
insert into gym (gym_id, name, country, number_of_users_battled, team, prestige) values (3, 'ANTISEPTIC SKIN CLEANSER', 'Brazil', 60, 'instinct', 1000);
insert into gym (gym_id, name, country, number_of_users_battled, team, prestige) values (4, 'Allergy Relief', 'Venezuela', 97, 'mystic', 1000);
insert into gym (gym_id, name, country, number_of_users_battled, team, prestige) values (5, 'Heavy Duty Hand Cleaner', 'China', 15, 'instinct', 1000);
insert into gym (gym_id, name, country, number_of_users_battled, team, prestige) values (6, 'RIBASPHERE RibaPak', 'Brazil', 7, 'valor', 1000);
insert into gym (gym_id, name, country, number_of_users_battled, team, prestige) values (7, 'MILK OF MAGNESIA ORIGINAL', 'China', 49, 'mystic', 1000);
insert into gym (gym_id, name, country, number_of_users_battled, team, prestige) values (8, 'DayTime NightTime Cold and Flu', 'Samoa', 4, 'valor', 1000);
insert into gym (gym_id, name, country, number_of_users_battled, team, prestige) values (9, 'AILANTHUS ALTISSIMA POLLEN', 'Peru', 42, 'valor', 1000);
insert into gym (gym_id, name, country, number_of_users_battled, team, prestige) values (10, 'Mental Alertness For Seniors', 'Finland', 45, 'valor', 1000);
insert into gym (gym_id, name, country, number_of_users_battled, team, prestige) values (11, 'Galantamine', 'Finland', 61, 'NULL', 1000);
insert into gym (gym_id, name, country, number_of_users_battled, team, prestige) values (12, 'Proparacaine Hydrochloride', 'Russia', 34, 'valor', 1000);
insert into gym (gym_id, name, country, number_of_users_battled, team, prestige) values (13, 'Nizatidine', 'Equatorial Guinea', 92, 'NULL', 1000);
insert into gym (gym_id, name, country, number_of_users_battled, team, prestige) values (14, 'Nortriptyline Hydrochloride', 'Tajikistan', 36, 'mystic', 1000);
insert into gym (gym_id, name, country, number_of_users_battled, team, prestige) values (15, 'PASPALUM NOTATUM POLLEN', 'China', 97, 'NULL', 1000);
insert into gym (gym_id, name, country, number_of_users_battled, team, prestige) values (16, 'Plexus coeliacus 6 Special Order', 'Brazil', 47, 'instinct', 1000);
insert into gym (gym_id, name, country, number_of_users_battled, team, prestige) values (17, 'Amoxicillin', 'Philippines', 35, 'valor', 1000);
insert into gym (gym_id, name, country, number_of_users_battled, team, prestige) values (18, 'Good Sense Fiber Laxative', 'Philippines', 21, 'instinct', 1000);
insert into gym (gym_id, name, country, number_of_users_battled, team, prestige) values (19, 'Softlips Cube Strawberry', 'Philippines', 5, 'NULL', 1000);
insert into gym (gym_id, name, country, number_of_users_battled, team, prestige) values (20, 'Dipyridamole', 'Cuba', 25, 'instinct', 1000);
insert into gym (gym_id, name, country, number_of_users_battled, team, prestige) values (21, 'West Sycamore', 'Mongolia', 40, 'mystic', 1000);
insert into gym (gym_id, name, country, number_of_users_battled, team, prestige) values (22, 'Amlodipine Besylate and Benazepril Hydrochloride', 'Belarus', 65, 'mystic', 1000);
insert into gym (gym_id, name, country, number_of_users_battled, team, prestige) values (23, 'All Day Allergy', 'Philippines', 57, 'instinct', 1000);
insert into gym (gym_id, name, country, number_of_users_battled, team, prestige) values (24, 'Nice', 'Indonesia', 30, 'instinct', 1000);
insert into gym (gym_id, name, country, number_of_users_battled, team, prestige) values (25, 'Salicylic Acid', 'Cuba', 4, 'valor', 1000);
insert into gym (gym_id, name, country, number_of_users_battled, team, prestige) values (26, 'Hemorrhoid Control', 'Russia', 32, 'instinct', 1000);
insert into gym (gym_id, name, country, number_of_users_battled, team, prestige) values (27, 'rocuronium bromide', 'Indonesia', 29, 'valor', 1000);
insert into gym (gym_id, name, country, number_of_users_battled, team, prestige) values (28, 'Doxycycline Hyclate', 'Portugal', 3, 'NULL', 1000);
insert into gym (gym_id, name, country, number_of_users_battled, team, prestige) values (29, 'Glimepiride', 'Czech Republic', 9, 'valor', 1000);
insert into gym (gym_id, name, country, number_of_users_battled, team, prestige) values (30, 'leader pain reliever', 'Indonesia', 89, 'mystic', 1000);
insert into gym (gym_id, name, country, number_of_users_battled, team, prestige) values (31, 'Berberis Aurum', 'China', 80, 'mystic', 1000);
insert into gym (gym_id, name, country, number_of_users_battled, team, prestige) values (32, 'hemorrhoidal', 'Poland', 50, 'NULL', 1000);
insert into gym (gym_id, name, country, number_of_users_battled, team, prestige) values (33, 'Foltrate', 'Morocco', 23, 'NULL', 1000);
insert into gym (gym_id, name, country, number_of_users_battled, team, prestige) values (34, 'Hydrocodone Bitartrate And Acetaminophen', 'Brazil', 48, 'NULL', 1000);
insert into gym (gym_id, name, country, number_of_users_battled, team, prestige) values (35, 'Celandine Honey', 'Russia', 8, 'valor', 1000);
insert into gym (gym_id, name, country, number_of_users_battled, team, prestige) values (36, 'DIFFERIN', 'Afghanistan', 87, 'mystic', 1000);
insert into gym (gym_id, name, country, number_of_users_battled, team, prestige) values (37, 'Colic Relief', 'Myanmar', 41, 'valor', 1000);
insert into gym (gym_id, name, country, number_of_users_battled, team, prestige) values (38, 'Doxepin Hydrochloride', 'Malaysia', 86, 'instinct', 1000);
insert into gym (gym_id, name, country, number_of_users_battled, team, prestige) values (39, 'Neutrogena MoistureShine SPF20', 'China', 100, 'mystic', 1000);
insert into gym (gym_id, name, country, number_of_users_battled, team, prestige) values (40, 'Phenol', 'Kenya', 36, 'NULL', 1000);
insert into gym (gym_id, name, country, number_of_users_battled, team, prestige) values (41, 'Renewal Eczema Moisturizing', 'Japan', 88, 'mystic', 1000);
insert into gym (gym_id, name, country, number_of_users_battled, team, prestige) values (42, 'benzonatate', 'France', 38, 'instinct', 1000);
insert into gym (gym_id, name, country, number_of_users_battled, team, prestige) values (43, 'AIDPLUS ALCOHOL CLEANSING PAD', 'Russia', 50, 'NULL', 1000);
insert into gym (gym_id, name, country, number_of_users_battled, team, prestige) values (44, 'FACTIVE', 'Dominican Republic', 4, 'mystic', 1000);
insert into gym (gym_id, name, country, number_of_users_battled, team, prestige) values (45, 'Wormwood', 'Brazil', 91, 'valor', 1000);
insert into gym (gym_id, name, country, number_of_users_battled, team, prestige) values (46, 'Lab1796 Sinus Appeaser', 'China', 95, 'valor', 1000);
insert into gym (gym_id, name, country, number_of_users_battled, team, prestige) values (47, 'Clarithromycin', 'Peru', 13, 'instinct', 1000);
insert into gym (gym_id, name, country, number_of_users_battled, team, prestige) values (48, 'ULTRA CORRECTION LIFT', 'Brazil', 49, 'mystic', 1000);
insert into gym (gym_id, name, country, number_of_users_battled, team, prestige) values (49, 'Disulfiram', 'Finland', 13, 'NULL', 1000);
insert into gym (gym_id, name, country, number_of_users_battled, team, prestige) values (50, 'Infants Ibuprofen', 'Afghanistan', 21, 'valor', 1000);
insert into gym (gym_id, name, country, number_of_users_battled, team, prestige) values (51, 'Hydrocodone Bitartrate, Chlorpheniramine Maleate and Pseudoephedrine Hydrochloride', 'Thailand', 15, 'NULL', 1000);
insert into gym (gym_id, name, country, number_of_users_battled, team, prestige) values (52, 'Burkhart Neutral pH', 'Hong Kong', 41, 'NULL', 1000);
insert into gym (gym_id, name, country, number_of_users_battled, team, prestige) values (53, 'Warfarin Sodium', 'Ukraine', 90, 'instinct', 1000);
insert into gym (gym_id, name, country, number_of_users_battled, team, prestige) values (54, 'MYNEPHROCAPS', 'China', 28, 'instinct', 1000);
insert into gym (gym_id, name, country, number_of_users_battled, team, prestige) values (55, 'Cefdinir', 'Thailand', 68, 'NULL', 1000);
insert into gym (gym_id, name, country, number_of_users_battled, team, prestige) values (56, 'CLINIMIX E', 'Guatemala', 12, 'instinct', 1000);
insert into gym (gym_id, name, country, number_of_users_battled, team, prestige) values (57, 'Acyclovir', 'Costa Rica', 26, 'valor', 1000);
insert into gym (gym_id, name, country, number_of_users_battled, team, prestige) values (58, 'Hemofil M', 'Sweden', 91, 'valor', 1000);
insert into gym (gym_id, name, country, number_of_users_battled, team, prestige) values (59, 'pain and fever', 'Japan', 63, 'mystic', 1000);
insert into gym (gym_id, name, country, number_of_users_battled, team, prestige) values (60, 'SILVADENE', 'China', 40, 'valor', 1000);
insert into gym (gym_id, name, country, number_of_users_battled, team, prestige) values (61, 'Western Family Tartar Control', 'Philippines', 38, 'instinct', 1000);
insert into gym (gym_id, name, country, number_of_users_battled, team, prestige) values (62, 'Butalbital, Acetaminophen and Caffeine', 'Philippines', 41, 'NULL', 1000);
insert into gym (gym_id, name, country, number_of_users_battled, team, prestige) values (63, 'Atenolol', 'Czech Republic', 19, 'mystic', 1000);
insert into gym (gym_id, name, country, number_of_users_battled, team, prestige) values (64, 'COLESTIPOL HYDROCHLORIDE', 'China', 76, 'NULL', 1000);
insert into gym (gym_id, name, country, number_of_users_battled, team, prestige) values (65, 'Metformin Hydrochloride', 'Russia', 44, 'instinct', 1000);
insert into gym (gym_id, name, country, number_of_users_battled, team, prestige) values (66, 'potassium chloride', 'Czech Republic', 82, 'instinct', 1000);
insert into gym (gym_id, name, country, number_of_users_battled, team, prestige) values (67, 'Oxycodone Hydrochloride', 'Russia', 41, 'valor', 1000);
insert into gym (gym_id, name, country, number_of_users_battled, team, prestige) values (68, 'Black Oak', 'Thailand', 21, 'NULL', 1000);
insert into gym (gym_id, name, country, number_of_users_battled, team, prestige) values (69, 'Kali Bichromicum Kit Refill', 'Cocos Islands', 11, 'NULL', 1000);
insert into gym (gym_id, name, country, number_of_users_battled, team, prestige) values (70, 'Ciprofloxacin', 'China', 28, 'mystic', 1000);
insert into gym (gym_id, name, country, number_of_users_battled, team, prestige) values (71, 'Bio Viscum Compositum', 'Indonesia', 42, 'NULL', 1000);
insert into gym (gym_id, name, country, number_of_users_battled, team, prestige) values (72, 'heartburn relief', 'Poland', 27, 'mystic', 1000);
insert into gym (gym_id, name, country, number_of_users_battled, team, prestige) values (73, 'BUPRENORPHINE HYDROCHLORIDE', 'Portugal', 20, 'instinct', 1000);
insert into gym (gym_id, name, country, number_of_users_battled, team, prestige) values (74, 'AMOXICILLIN', 'China', 19, 'NULL', 1000);
insert into gym (gym_id, name, country, number_of_users_battled, team, prestige) values (75, 'Trazodone Hydrochloride', 'Hong Kong', 98, 'instinct', 1000);
insert into gym (gym_id, name, country, number_of_users_battled, team, prestige) values (76, 'CLARINS Ever Matte Broad Spectrum SPF 15 Tint 107', 'Poland', 7, 'NULL', 1000);
insert into gym (gym_id, name, country, number_of_users_battled, team, prestige) values (77, 'Azelastine Hydrochloride', 'China', 21, 'valor', 1000);
insert into gym (gym_id, name, country, number_of_users_battled, team, prestige) values (78, 'Carbidopa, Levodopa and Entacapone', 'China', 39, 'NULL', 1000);
insert into gym (gym_id, name, country, number_of_users_battled, team, prestige) values (79, 'lisinopril', 'Philippines', 67, 'mystic', 1000);
insert into gym (gym_id, name, country, number_of_users_battled, team, prestige) values (80, 'Diltiazem Hydrochloride', 'China', 58, 'mystic', 1000);
insert into gym (gym_id, name, country, number_of_users_battled, team, prestige) values (81, 'Chicken Meat', 'France', 37, 'valor', 1000);
insert into gym (gym_id, name, country, number_of_users_battled, team, prestige) values (82, 'Niravam', 'Japan', 40, 'instinct', 1000);
insert into gym (gym_id, name, country, number_of_users_battled, team, prestige) values (83, 'MEDI-PATCH', 'France', 72, 'instinct', 1000);
insert into gym (gym_id, name, country, number_of_users_battled, team, prestige) values (84, 'Aspirin 81 mg', 'Portugal', 53, 'mystic', 1000);
insert into gym (gym_id, name, country, number_of_users_battled, team, prestige) values (85, 'SEPHORA Skin Perfect CC Sunscreen Broad Spectrum SPF 20 FAIR', 'France', 66, 'instinct', 1000);
insert into gym (gym_id, name, country, number_of_users_battled, team, prestige) values (86, 'Umcka ColdCare Sugar Free Grape', 'Indonesia', 14, 'mystic', 1000);
insert into gym (gym_id, name, country, number_of_users_battled, team, prestige) values (87, 'Face Mix Skin Foundation', 'China', 36, 'instinct', 1000);
insert into gym (gym_id, name, country, number_of_users_battled, team, prestige) values (88, 'Sodium Chloride', 'Kazakhstan', 22, 'mystic', 1000);
insert into gym (gym_id, name, country, number_of_users_battled, team, prestige) values (89, 'Citalopram', 'China', 98, 'valor', 1000);
insert into gym (gym_id, name, country, number_of_users_battled, team, prestige) values (90, 'NephrAmine', 'China', 49, 'mystic', 1000);
insert into gym (gym_id, name, country, number_of_users_battled, team, prestige) values (91, 'Nu Skin Nu Colour', 'China', 51, 'mystic', 1000);
insert into gym (gym_id, name, country, number_of_users_battled, team, prestige) values (92, 'Pulsatilla Kit Refill', 'Nauru', 64, 'mystic', 1000);
insert into gym (gym_id, name, country, number_of_users_battled, team, prestige) values (93, 'Morphine Sulfate', 'Portugal', 2, 'NULL', 1000);
insert into gym (gym_id, name, country, number_of_users_battled, team, prestige) values (94, 'Cerebromax', 'Guatemala', 5, 'mystic', 1000);
insert into gym (gym_id, name, country, number_of_users_battled, team, prestige) values (95, 'Hydroxychloroquine Sulfate', 'Malaysia', 72, 'instinct', 1000);
insert into gym (gym_id, name, country, number_of_users_battled, team, prestige) values (96, 'La Vaquita New Regular', 'Russia', 1, 'NULL', 1000);
insert into gym (gym_id, name, country, number_of_users_battled, team, prestige) values (97, 'Mucinex Fast-Max', 'Brazil', 69, 'NULL', 1000);
insert into gym (gym_id, name, country, number_of_users_battled, team, prestige) values (98, 'Olanzapine', 'Indonesia', 99, 'NULL', 1000);
insert into gym (gym_id, name, country, number_of_users_battled, team, prestige) values (99, 'LEVOXYL', 'Finland', 73, 'mystic', 1000);
insert into gym (gym_id, name, country, number_of_users_battled, team, prestige) values (100, 'topiramate', 'Indonesia', 98, 'mystic', 1000);
insert into challenges (user_id, gym_id) values (2, 86);
insert into challenges (user_id, gym_id) values (4, 58);
insert into challenges (user_id, gym_id) values (55, 33);
insert into challenges (user_id, gym_id) values (48, 34);
insert into challenges (user_id, gym_id) values (6, 21);
insert into challenges (user_id, gym_id) values (93, 34);
insert into challenges (user_id, gym_id) values (99, 46);
insert into challenges (user_id, gym_id) values (64, 43);
insert into challenges (user_id, gym_id) values (14, 38);
insert into challenges (user_id, gym_id) values (72, 45);
insert into challenges (user_id, gym_id) values (48, 7);
insert into challenges (user_id, gym_id) values (11, 73);
insert into challenges (user_id, gym_id) values (71, 91);
insert into challenges (user_id, gym_id) values (86, 95);
insert into challenges (user_id, gym_id) values (20, 11);
insert into challenges (user_id, gym_id) values (8, 12);
insert into challenges (user_id, gym_id) values (100, 75);
insert into challenges (user_id, gym_id) values (93, 58);
insert into challenges (user_id, gym_id) values (40, 93);
insert into challenges (user_id, gym_id) values (13, 58);
insert into challenges (user_id, gym_id) values (65, 58);
insert into challenges (user_id, gym_id) values (72, 70);
insert into challenges (user_id, gym_id) values (63, 98);
insert into challenges (user_id, gym_id) values (48, 88);
insert into challenges (user_id, gym_id) values (14, 88);
insert into challenges (user_id, gym_id) values (53, 18);
insert into challenges (user_id, gym_id) values (85, 86);
insert into challenges (user_id, gym_id) values (67, 46);
insert into challenges (user_id, gym_id) values (83, 33);
insert into challenges (user_id, gym_id) values (91, 91);
insert into challenges (user_id, gym_id) values (22, 80);
insert into challenges (user_id, gym_id) values (71, 17);
insert into challenges (user_id, gym_id) values (98, 50);
insert into challenges (user_id, gym_id) values (5, 78);
insert into challenges (user_id, gym_id) values (24, 77);
insert into challenges (user_id, gym_id) values (18, 100);
insert into challenges (user_id, gym_id) values (5, 1);
insert into challenges (user_id, gym_id) values (53, 8);
insert into challenges (user_id, gym_id) values (68, 35);
insert into challenges (user_id, gym_id) values (30, 12);
insert into challenges (user_id, gym_id) values (27, 1);
insert into challenges (user_id, gym_id) values (72, 8);
insert into challenges (user_id, gym_id) values (97, 62);
insert into challenges (user_id, gym_id) values (3, 33);
insert into challenges (user_id, gym_id) values (25, 41);
insert into challenges (user_id, gym_id) values (89, 36);
insert into challenges (user_id, gym_id) values (84, 23);
insert into challenges (user_id, gym_id) values (13, 35);
insert into challenges (user_id, gym_id) values (34, 95);
insert into challenges (user_id, gym_id) values (84, 56);
insert into challenges (user_id, gym_id) values (50, 58);
insert into challenges (user_id, gym_id) values (31, 14);
insert into challenges (user_id, gym_id) values (8, 98);
insert into challenges (user_id, gym_id) values (34, 36);
insert into challenges (user_id, gym_id) values (93, 11);
insert into challenges (user_id, gym_id) values (92, 93);
insert into challenges (user_id, gym_id) values (2, 42);
insert into challenges (user_id, gym_id) values (50, 60);
insert into challenges (user_id, gym_id) values (50, 39);
insert into challenges (user_id, gym_id) values (86, 25);
insert into challenges (user_id, gym_id) values (13, 89);
insert into challenges (user_id, gym_id) values (61, 22);
insert into challenges (user_id, gym_id) values (33, 64);
insert into challenges (user_id, gym_id) values (26, 9);
insert into challenges (user_id, gym_id) values (93, 64);
insert into challenges (user_id, gym_id) values (9, 47);
insert into challenges (user_id, gym_id) values (43, 16);
insert into challenges (user_id, gym_id) values (3, 9);
insert into challenges (user_id, gym_id) values (97, 98);
insert into challenges (user_id, gym_id) values (28, 89);
insert into challenges (user_id, gym_id) values (75, 26);
insert into challenges (user_id, gym_id) values (75, 87);
insert into challenges (user_id, gym_id) values (82, 82);
insert into challenges (user_id, gym_id) values (95, 76);
insert into challenges (user_id, gym_id) values (49, 21);
insert into challenges (user_id, gym_id) values (21, 2);
insert into challenges (user_id, gym_id) values (12, 12);
insert into challenges (user_id, gym_id) values (33, 34);
insert into challenges (user_id, gym_id) values (73, 1);
insert into challenges (user_id, gym_id) values (28, 48);
insert into challenges (user_id, gym_id) values (73, 50);
insert into challenges (user_id, gym_id) values (79, 75);
insert into challenges (user_id, gym_id) values (22, 97);
insert into challenges (user_id, gym_id) values (23, 87);
insert into challenges (user_id, gym_id) values (11, 82);
insert into challenges (user_id, gym_id) values (79, 100);
insert into challenges (user_id, gym_id) values (35, 14);
insert into challenges (user_id, gym_id) values (1, 14);
insert into challenges (user_id, gym_id) values (50, 22);
insert into challenges (user_id, gym_id) values (10, 99);
insert into challenges (user_id, gym_id) values (89, 94);
insert into challenges (user_id, gym_id) values (85, 60);
insert into challenges (user_id, gym_id) values (84, 33);
insert into challenges (user_id, gym_id) values (37, 6);
insert into challenges (user_id, gym_id) values (31, 63);
insert into challenges (user_id, gym_id) values (74, 44);
insert into challenges (user_id, gym_id) values (15, 7);
insert into challenges (user_id, gym_id) values (53, 62);
insert into challenges (user_id, gym_id) values (12, 96);
insert into challenges (user_id, gym_id) values (82, 25);
insert into challenges (user_id, gym_id) values (19, 62);
insert into challenges (user_id, gym_id) values (12, 51);
insert into challenges (user_id, gym_id) values (76, 33);
insert into challenges (user_id, gym_id) values (83, 50);
insert into challenges (user_id, gym_id) values (4, 34);
insert into challenges (user_id, gym_id) values (55, 57);
insert into challenges (user_id, gym_id) values (47, 8);
insert into challenges (user_id, gym_id) values (68, 28);
insert into challenges (user_id, gym_id) values (53, 93);
insert into challenges (user_id, gym_id) values (79, 4);
insert into challenges (user_id, gym_id) values (8, 62);
insert into challenges (user_id, gym_id) values (90, 18);
insert into challenges (user_id, gym_id) values (75, 79);
insert into challenges (user_id, gym_id) values (76, 31);
insert into challenges (user_id, gym_id) values (88, 47);
insert into challenges (user_id, gym_id) values (82, 56);
insert into challenges (user_id, gym_id) values (24, 80);
insert into challenges (user_id, gym_id) values (61, 90);
insert into challenges (user_id, gym_id) values (86, 8);
insert into challenges (user_id, gym_id) values (59, 73);
insert into challenges (user_id, gym_id) values (78, 87);
insert into challenges (user_id, gym_id) values (37, 73);
insert into challenges (user_id, gym_id) values (36, 9);
insert into challenges (user_id, gym_id) values (3, 26);
insert into challenges (user_id, gym_id) values (16, 86);
insert into challenges (user_id, gym_id) values (83, 69);
insert into challenges (user_id, gym_id) values (44, 86);
insert into challenges (user_id, gym_id) values (71, 64);
insert into challenges (user_id, gym_id) values (98, 2);
insert into challenges (user_id, gym_id) values (97, 23);
insert into challenges (user_id, gym_id) values (50, 48);
insert into challenges (user_id, gym_id) values (6, 82);
insert into challenges (user_id, gym_id) values (24, 2);
insert into challenges (user_id, gym_id) values (79, 5);
insert into challenges (user_id, gym_id) values (95, 95);
insert into challenges (user_id, gym_id) values (73, 94);
insert into challenges (user_id, gym_id) values (2, 26);
insert into challenges (user_id, gym_id) values (59, 49);
insert into challenges (user_id, gym_id) values (14, 7);
insert into challenges (user_id, gym_id) values (36, 78);
insert into challenges (user_id, gym_id) values (12, 99);
insert into challenges (user_id, gym_id) values (87, 28);
insert into challenges (user_id, gym_id) values (79, 94);
insert into challenges (user_id, gym_id) values (42, 18);
insert into challenges (user_id, gym_id) values (79, 3);
insert into challenges (user_id, gym_id) values (20, 88);
insert into challenges (user_id, gym_id) values (25, 54);
insert into challenges (user_id, gym_id) values (89, 10);
insert into challenges (user_id, gym_id) values (37, 40);
insert into challenges (user_id, gym_id) values (70, 84);
insert into challenges (user_id, gym_id) values (61, 5);
insert into challenges (user_id, gym_id) values (57, 4);
insert into challenges (user_id, gym_id) values (97, 16);
insert into challenges (user_id, gym_id) values (73, 48);
insert into challenges (user_id, gym_id) values (23, 58);
insert into challenges (user_id, gym_id) values (78, 95);
insert into challenges (user_id, gym_id) values (87, 62);
insert into challenges (user_id, gym_id) values (34, 86);
insert into challenges (user_id, gym_id) values (2, 12);
insert into challenges (user_id, gym_id) values (45, 98);
insert into challenges (user_id, gym_id) values (6, 40);
insert into challenges (user_id, gym_id) values (63, 62);
insert into challenges (user_id, gym_id) values (61, 48);
insert into challenges (user_id, gym_id) values (36, 31);
insert into challenges (user_id, gym_id) values (75, 41);
insert into challenges (user_id, gym_id) values (71, 72);
insert into challenges (user_id, gym_id) values (16, 97);
insert into challenges (user_id, gym_id) values (94, 96);
insert into challenges (user_id, gym_id) values (90, 30);
insert into challenges (user_id, gym_id) values (100, 9);
insert into challenges (user_id, gym_id) values (11, 68);
insert into challenges (user_id, gym_id) values (76, 77);
insert into challenges (user_id, gym_id) values (66, 62);
insert into challenges (user_id, gym_id) values (75, 68);
insert into challenges (user_id, gym_id) values (86, 74);
insert into challenges (user_id, gym_id) values (67, 16);
insert into challenges (user_id, gym_id) values (27, 62);
insert into challenges (user_id, gym_id) values (89, 13);
insert into challenges (user_id, gym_id) values (6, 93);
insert into challenges (user_id, gym_id) values (38, 78);
insert into challenges (user_id, gym_id) values (51, 86);
insert into challenges (user_id, gym_id) values (28, 2);
insert into challenges (user_id, gym_id) values (88, 49);
insert into challenges (user_id, gym_id) values (5, 64);
insert into challenges (user_id, gym_id) values (100, 68);
insert into challenges (user_id, gym_id) values (57, 7);
insert into challenges (user_id, gym_id) values (38, 53);
insert into challenges (user_id, gym_id) values (54, 45);
insert into challenges (user_id, gym_id) values (44, 54);
insert into challenges (user_id, gym_id) values (60, 50);
insert into challenges (user_id, gym_id) values (63, 53);
insert into challenges (user_id, gym_id) values (16, 74);
insert into challenges (user_id, gym_id) values (25, 33);
insert into challenges (user_id, gym_id) values (92, 14);
insert into challenges (user_id, gym_id) values (12, 55);
insert into challenges (user_id, gym_id) values (59, 27);
insert into challenges (user_id, gym_id) values (84, 40);
insert into challenges (user_id, gym_id) values (51, 9);
insert into challenges (user_id, gym_id) values (26, 32);
insert into challenges (user_id, gym_id) values (21, 41);
insert into challenges (user_id, gym_id) values (5, 18);
insert into challenges (user_id, gym_id) values (41, 43);
insert into challenges (user_id, gym_id) values (29, 91);
insert into challenges (user_id, gym_id) values (53, 6);
insert into challenges (user_id, gym_id) values (27, 76);
insert into challenges (user_id, gym_id) values (69, 17);
insert into challenges (user_id, gym_id) values (50, 20);
insert into challenges (user_id, gym_id) values (82, 95);
insert into challenges (user_id, gym_id) values (25, 97);
insert into challenges (user_id, gym_id) values (40, 92);
insert into challenges (user_id, gym_id) values (4, 13);
insert into challenges (user_id, gym_id) values (41, 79);
insert into challenges (user_id, gym_id) values (21, 21);
insert into challenges (user_id, gym_id) values (20, 1);
insert into challenges (user_id, gym_id) values (6, 55);
insert into challenges (user_id, gym_id) values (80, 73);
insert into challenges (user_id, gym_id) values (55, 46);
insert into challenges (user_id, gym_id) values (38, 34);
insert into challenges (user_id, gym_id) values (20, 51);
insert into challenges (user_id, gym_id) values (1, 5);
insert into challenges (user_id, gym_id) values (4, 21);
insert into challenges (user_id, gym_id) values (38, 8);
insert into challenges (user_id, gym_id) values (94, 37);
insert into challenges (user_id, gym_id) values (30, 50);
insert into challenges (user_id, gym_id) values (64, 87);
insert into challenges (user_id, gym_id) values (9, 76);
insert into challenges (user_id, gym_id) values (94, 40);
insert into challenges (user_id, gym_id) values (81, 69);
insert into challenges (user_id, gym_id) values (47, 91);
insert into challenges (user_id, gym_id) values (13, 89);
insert into challenges (user_id, gym_id) values (92, 80);
insert into challenges (user_id, gym_id) values (9, 95);
insert into challenges (user_id, gym_id) values (99, 80);
insert into challenges (user_id, gym_id) values (56, 12);
insert into challenges (user_id, gym_id) values (99, 33);
insert into challenges (user_id, gym_id) values (100, 15);
insert into challenges (user_id, gym_id) values (27, 41);
insert into challenges (user_id, gym_id) values (63, 22);
insert into challenges (user_id, gym_id) values (66, 29);
insert into challenges (user_id, gym_id) values (7, 86);
insert into challenges (user_id, gym_id) values (52, 27);
insert into challenges (user_id, gym_id) values (40, 81);
insert into challenges (user_id, gym_id) values (15, 95);
insert into challenges (user_id, gym_id) values (41, 1);
insert into challenges (user_id, gym_id) values (100, 78);
insert into challenges (user_id, gym_id) values (58, 99);
insert into challenges (user_id, gym_id) values (87, 46);
insert into challenges (user_id, gym_id) values (40, 23);
insert into challenges (user_id, gym_id) values (6, 91);
insert into challenges (user_id, gym_id) values (50, 27);
insert into challenges (user_id, gym_id) values (61, 35);
insert into challenges (user_id, gym_id) values (13, 31);
insert into challenges (user_id, gym_id) values (6, 10);
insert into challenges (user_id, gym_id) values (63, 39);
insert into challenges (user_id, gym_id) values (76, 5);
insert into challenges (user_id, gym_id) values (71, 14);
insert into challenges (user_id, gym_id) values (26, 59);
insert into challenges (user_id, gym_id) values (63, 24);
insert into challenges (user_id, gym_id) values (29, 59);
insert into challenges (user_id, gym_id) values (93, 42);
insert into challenges (user_id, gym_id) values (34, 6);
insert into challenges (user_id, gym_id) values (2, 1);
insert into challenges (user_id, gym_id) values (11, 7);
insert into challenges (user_id, gym_id) values (62, 83);
insert into challenges (user_id, gym_id) values (43, 23);
insert into challenges (user_id, gym_id) values (35, 75);
insert into challenges (user_id, gym_id) values (31, 4);
insert into challenges (user_id, gym_id) values (22, 56);
insert into challenges (user_id, gym_id) values (43, 90);
insert into challenges (user_id, gym_id) values (67, 24);
insert into challenges (user_id, gym_id) values (58, 39);
insert into challenges (user_id, gym_id) values (35, 21);
insert into challenges (user_id, gym_id) values (39, 97);
insert into challenges (user_id, gym_id) values (79, 71);
insert into challenges (user_id, gym_id) values (16, 40);
insert into challenges (user_id, gym_id) values (94, 34);
insert into challenges (user_id, gym_id) values (78, 29);
insert into challenges (user_id, gym_id) values (38, 57);
insert into challenges (user_id, gym_id) values (68, 56);
insert into challenges (user_id, gym_id) values (28, 49);
insert into challenges (user_id, gym_id) values (12, 58);
insert into challenges (user_id, gym_id) values (27, 20);
insert into challenges (user_id, gym_id) values (53, 36);
insert into challenges (user_id, gym_id) values (37, 41);
insert into challenges (user_id, gym_id) values (84, 81);
insert into challenges (user_id, gym_id) values (12, 24);
insert into challenges (user_id, gym_id) values (77, 54);
insert into challenges (user_id, gym_id) values (26, 87);
insert into challenges (user_id, gym_id) values (62, 42);
insert into challenges (user_id, gym_id) values (44, 87);
insert into challenges (user_id, gym_id) values (84, 81);
insert into challenges (user_id, gym_id) values (48, 85);
insert into challenges (user_id, gym_id) values (59, 66);
insert into challenges (user_id, gym_id) values (36, 94);
insert into challenges (user_id, gym_id) values (72, 74);
insert into challenges (user_id, gym_id) values (57, 34);
insert into challenges (user_id, gym_id) values (19, 99);
insert into challenges (user_id, gym_id) values (45, 35);
insert into challenges (user_id, gym_id) values (13, 34);
insert into challenges (user_id, gym_id) values (17, 21);
insert into pokemon (pokemon_id, entity, name, cp, type1, type2, level, date_caught, user_id, gym_id) values (1, 'dugtrio', 'Rose', 775, 'Bug', 'Electric', 98, '2016/01/14', 42, 91);
insert into pokemon (pokemon_id, entity, name, cp, type1, type2, level, date_caught, user_id, gym_id) values (2, 'ekans', 'Margaret', 237, 'Grass', 'Poison', 55, '2016/06/09', 70, null);
insert into pokemon (pokemon_id, entity, name, cp, type1, type2, level, date_caught, user_id, gym_id) values (3, 'golem', 'Robert', 896, 'Fairy', 'Psychic', 23, '2016/04/20', 54, 71);
insert into pokemon (pokemon_id, entity, name, cp, type1, type2, level, date_caught, user_id, gym_id) values (4, 'parasect', 'Charles', 842, 'Fire', null, 80, '2016/01/03', 81, null);
insert into pokemon (pokemon_id, entity, name, cp, type1, type2, level, date_caught, user_id, gym_id) values (5, 'kingler', 'Arthur', 771, 'Fire', 'Fighting', 14, '2016/10/14', 43, null);
insert into pokemon (pokemon_id, entity, name, cp, type1, type2, level, date_caught, user_id, gym_id) values (6, 'primeape', 'Ruby', 475, 'Fire', 'Dark', 7, '2016/06/12', 99, 9);
insert into pokemon (pokemon_id, entity, name, cp, type1, type2, level, date_caught, user_id, gym_id) values (7, 'ponyta', 'Arthur', 462, 'Poison', 'Ice', 96, '2016/05/16', 46, null);
insert into pokemon (pokemon_id, entity, name, cp, type1, type2, level, date_caught, user_id, gym_id) values (8, 'spearow', 'Elizabeth', 99, 'Fairy', null, 26, '2016/09/27', 34, null);
insert into pokemon (pokemon_id, entity, name, cp, type1, type2, level, date_caught, user_id, gym_id) values (9, 'rattata', 'Bonnie', 837, 'Bug', 'Poison', 94, '2015/12/17', 9, 56);
insert into pokemon (pokemon_id, entity, name, cp, type1, type2, level, date_caught, user_id, gym_id) values (10, 'metapod', 'Linda', 388, 'Grass', 'Fairy', 27, '2016/09/26', 89, 47);
insert into pokemon (pokemon_id, entity, name, cp, type1, type2, level, date_caught, user_id, gym_id) values (11, 'starmie', 'Douglas', 687, 'Fire', 'Ice', 33, '2016/05/11', 93, null);
insert into pokemon (pokemon_id, entity, name, cp, type1, type2, level, date_caught, user_id, gym_id) values (12, 'magnemite', 'Anna', 909, 'Fire', 'Fairy', 12, '2015/12/27', 53, null);
insert into pokemon (pokemon_id, entity, name, cp, type1, type2, level, date_caught, user_id, gym_id) values (13, 'ponyta', 'James', 445, 'Grass', 'Dark', 85, '2016/08/17', 60, null);
insert into pokemon (pokemon_id, entity, name, cp, type1, type2, level, date_caught, user_id, gym_id) values (14, 'clefable', 'Kimberly', 777, 'Ground', 'Flying', 56, '2015/12/23', 74, null);
insert into pokemon (pokemon_id, entity, name, cp, type1, type2, level, date_caught, user_id, gym_id) values (15, 'vulpix', 'Brenda', 776, 'Fairy', 'Fairy', 4, '2016/01/19', 21, null);
insert into pokemon (pokemon_id, entity, name, cp, type1, type2, level, date_caught, user_id, gym_id) values (16, 'seel', 'Norma', 605, 'Rock', null, 22, '2016/04/29', 24, null);
insert into pokemon (pokemon_id, entity, name, cp, type1, type2, level, date_caught, user_id, gym_id) values (17, 'pidgeotto', 'Doris', 505, 'Flying', 'Fire', 74, '2016/07/30', 68, null);
insert into pokemon (pokemon_id, entity, name, cp, type1, type2, level, date_caught, user_id, gym_id) values (18, 'seaking', 'Carolyn', 174, 'Ice', 'Dark', 17, '2016/05/19', 28, null);
insert into pokemon (pokemon_id, entity, name, cp, type1, type2, level, date_caught, user_id, gym_id) values (19, 'kangaskhan', 'Brandon', 991, 'Ice', 'Ground', 20, '2015/12/19', 94, 56);
insert into pokemon (pokemon_id, entity, name, cp, type1, type2, level, date_caught, user_id, gym_id) values (20, 'arbok', 'Lawrence', 754, 'Electric', 'Psychic', 48, '2016/06/19', 48, null);
insert into pokemon (pokemon_id, entity, name, cp, type1, type2, level, date_caught, user_id, gym_id) values (21, 'charmander', 'Charles', 369, 'Poison', 'Normal', 90, '2016/01/13', 48, 79);
insert into pokemon (pokemon_id, entity, name, cp, type1, type2, level, date_caught, user_id, gym_id) values (22, 'raticate', 'Shirley', 963, 'Grass', 'Dark', 5, '2016/05/01', 29, 88);
insert into pokemon (pokemon_id, entity, name, cp, type1, type2, level, date_caught, user_id, gym_id) values (23, 'poliwrath', 'Andrew', 964, 'Electric', 'Rock', 53, '2016/11/18', 1, 100);
insert into pokemon (pokemon_id, entity, name, cp, type1, type2, level, date_caught, user_id, gym_id) values (24, 'charmander', 'James', 983, 'Flying', 'Ghost', 48, '2016/02/04', 96, null);
insert into pokemon (pokemon_id, entity, name, cp, type1, type2, level, date_caught, user_id, gym_id) values (25, 'jigglypuff', 'Donald', 396, 'Ghost', 'Ghost', 87, '2016/04/19', 41, null);
insert into pokemon (pokemon_id, entity, name, cp, type1, type2, level, date_caught, user_id, gym_id) values (26, 'poliwhirl', 'Jeffrey', 948, 'Flying', 'Ground', 39, '2015/12/06', 36, null);
insert into pokemon (pokemon_id, entity, name, cp, type1, type2, level, date_caught, user_id, gym_id) values (27, 'tauros', 'Martin', 567, 'Flying', 'Flying', 56, '2016/06/01', 3, 21);
insert into pokemon (pokemon_id, entity, name, cp, type1, type2, level, date_caught, user_id, gym_id) values (28, 'kabuto', 'Todd', 66, 'Ghost', 'Fighting', 71, '2015/12/07', 99, 95);
insert into pokemon (pokemon_id, entity, name, cp, type1, type2, level, date_caught, user_id, gym_id) values (29, 'pinsir', 'Theresa', 608, 'Electric', 'Poison', 86, '2015/12/22', 84, 16);
insert into pokemon (pokemon_id, entity, name, cp, type1, type2, level, date_caught, user_id, gym_id) values (30, 'charmander', 'Bobby', 211, 'Normal', null, 89, '2016/02/01', 100, null);
insert into pokemon (pokemon_id, entity, name, cp, type1, type2, level, date_caught, user_id, gym_id) values (31, 'squirtle', 'Tina', 271, 'Flying', 'Bug', 9, '2016/11/08', 3, null);
insert into pokemon (pokemon_id, entity, name, cp, type1, type2, level, date_caught, user_id, gym_id) values (32, 'alakazam', 'Irene', 266, 'Grass', 'Rock', 50, '2016/11/19', 75, null);
insert into pokemon (pokemon_id, entity, name, cp, type1, type2, level, date_caught, user_id, gym_id) values (33, 'seadra', 'Marilyn', 40, 'Normal', 'Water', 24, '2016/03/10', 69, 62);
insert into pokemon (pokemon_id, entity, name, cp, type1, type2, level, date_caught, user_id, gym_id) values (34, 'farfetchd', 'Carol', 261, 'Poison', 'Normal', 92, '2015/12/19', 66, null);
insert into pokemon (pokemon_id, entity, name, cp, type1, type2, level, date_caught, user_id, gym_id) values (35, 'hypno', 'Virginia', 814, 'Fairy', 'Water', 14, '2016/01/28', 77, null);
insert into pokemon (pokemon_id, entity, name, cp, type1, type2, level, date_caught, user_id, gym_id) values (36, 'wigglytuff', 'Donald', 630, 'Ground', 'Electric', 1, '2015/12/14', 76, null);
insert into pokemon (pokemon_id, entity, name, cp, type1, type2, level, date_caught, user_id, gym_id) values (37, 'bellsprout', 'Peter', 832, 'Fairy', 'Grass', 82, '2016/07/25', 69, 20);
insert into pokemon (pokemon_id, entity, name, cp, type1, type2, level, date_caught, user_id, gym_id) values (38, 'dragonite', 'Carolyn', 446, 'Dark', 'Fairy', 91, '2016/03/18', 63, null);
insert into pokemon (pokemon_id, entity, name, cp, type1, type2, level, date_caught, user_id, gym_id) values (39, 'paras', 'Howard', 23, 'Ground', null, 5, '2016/06/15', 7, null);
insert into pokemon (pokemon_id, entity, name, cp, type1, type2, level, date_caught, user_id, gym_id) values (40, 'doduo', 'Louise', 900, 'Ground', 'Bug', 15, '2016/03/31', 53, null);
insert into pokemon (pokemon_id, entity, name, cp, type1, type2, level, date_caught, user_id, gym_id) values (41, 'blastoise', 'Gary', 601, 'Water', 'Dark', 61, '2016/01/03', 65, 69);
insert into pokemon (pokemon_id, entity, name, cp, type1, type2, level, date_caught, user_id, gym_id) values (42, 'doduo', 'Jessica', 228, 'Dark', 'Poison', 3, '2016/05/05', 69, null);
insert into pokemon (pokemon_id, entity, name, cp, type1, type2, level, date_caught, user_id, gym_id) values (43, 'rapidash', 'Norma', 450, 'Fighting', 'Ice', 75, '2016/01/13', 63, 30);
insert into pokemon (pokemon_id, entity, name, cp, type1, type2, level, date_caught, user_id, gym_id) values (44, 'onix', 'Carl', 182, 'Fairy', 'Fire', 53, '2016/02/18', 26, null);
insert into pokemon (pokemon_id, entity, name, cp, type1, type2, level, date_caught, user_id, gym_id) values (45, 'dragonair', 'Samuel', 825, 'Grass', 'Normal', 33, '2016/10/31', 22, 13);
insert into pokemon (pokemon_id, entity, name, cp, type1, type2, level, date_caught, user_id, gym_id) values (46, 'articuno', 'Doris', 401, 'Grass', null, 53, '2016/05/25', 82, null);
insert into pokemon (pokemon_id, entity, name, cp, type1, type2, level, date_caught, user_id, gym_id) values (47, 'cloyster', 'Christopher', 482, 'Steel', 'Bug', 51, '2016/01/19', 47, null);
insert into pokemon (pokemon_id, entity, name, cp, type1, type2, level, date_caught, user_id, gym_id) values (48, 'omanyte', 'Irene', 983, 'Grass', 'Flying', 75, '2016/09/27', 21, null);
insert into pokemon (pokemon_id, entity, name, cp, type1, type2, level, date_caught, user_id, gym_id) values (49, 'poliwrath', 'Angela', 63, 'Ghost', 'Water', 97, '2015/12/15', 48, null);
insert into pokemon (pokemon_id, entity, name, cp, type1, type2, level, date_caught, user_id, gym_id) values (50, 'poliwrath', 'Sarah', 156, 'Bug', 'Grass', 83, '2016/04/09', 40, 37);
insert into pokemon (pokemon_id, entity, name, cp, type1, type2, level, date_caught, user_id, gym_id) values (51, 'weezing', 'Andrea', 107, 'Normal', 'Steel', 84, '2016/11/07', 94, 14);
insert into pokemon (pokemon_id, entity, name, cp, type1, type2, level, date_caught, user_id, gym_id) values (52, 'gloom', 'Frances', 924, 'Ice', null, 29, '2016/08/06', 66, null);
insert into pokemon (pokemon_id, entity, name, cp, type1, type2, level, date_caught, user_id, gym_id) values (53, 'nidorino', 'Beverly', 497, 'Water', 'Dark', 23, '2016/02/01', 14, null);
insert into pokemon (pokemon_id, entity, name, cp, type1, type2, level, date_caught, user_id, gym_id) values (54, 'farfetchd', 'Michael', 707, 'Dark', 'Ground', 97, '2016/08/27', 64, null);
insert into pokemon (pokemon_id, entity, name, cp, type1, type2, level, date_caught, user_id, gym_id) values (55, 'grimer', 'Benjamin', 90, 'Ice', 'Fire', 92, '2016/01/12', 55, null);
insert into pokemon (pokemon_id, entity, name, cp, type1, type2, level, date_caught, user_id, gym_id) values (56, 'magikarp', 'Doris', 433, 'Normal', 'Ice', 6, '2016/06/22', 81, null);
insert into pokemon (pokemon_id, entity, name, cp, type1, type2, level, date_caught, user_id, gym_id) values (57, 'jynx', 'Steven', 814, 'Psychic', 'Flying', 48, '2016/10/28', 19, 17);
insert into pokemon (pokemon_id, entity, name, cp, type1, type2, level, date_caught, user_id, gym_id) values (58, 'horsea', 'Amanda', 459, 'Dark', 'Electric', 39, '2016/07/02', 10, 46);
insert into pokemon (pokemon_id, entity, name, cp, type1, type2, level, date_caught, user_id, gym_id) values (59, 'mankey', 'Ralph', 236, 'Grass', 'Normal', 59, '2016/01/06', 91, null);
insert into pokemon (pokemon_id, entity, name, cp, type1, type2, level, date_caught, user_id, gym_id) values (60, 'mew', 'Willie', 263, 'Fairy', 'Electric', 68, '2016/01/20', 80, 43);
insert into pokemon (pokemon_id, entity, name, cp, type1, type2, level, date_caught, user_id, gym_id) values (61, 'ditto', 'Antonio', 150, 'Ice', 'Fighting', 90, '2016/03/31', 92, 12);
insert into pokemon (pokemon_id, entity, name, cp, type1, type2, level, date_caught, user_id, gym_id) values (62, 'seel', 'Frances', 895, 'Dragon', 'Psychic', 92, '2016/04/10', 41, null);
insert into pokemon (pokemon_id, entity, name, cp, type1, type2, level, date_caught, user_id, gym_id) values (63, 'golem', 'Rose', 924, 'Ground', 'Rock', 68, '2016/08/24', 84, 93);
insert into pokemon (pokemon_id, entity, name, cp, type1, type2, level, date_caught, user_id, gym_id) values (64, 'pinsir', 'Harry', 10, 'Flying', 'Bug', 75, '2016/01/19', 100, null);
insert into pokemon (pokemon_id, entity, name, cp, type1, type2, level, date_caught, user_id, gym_id) values (65, 'gengar', 'Cynthia', 273, 'Normal', 'Poison', 79, '2016/04/12', 79, 74);
insert into pokemon (pokemon_id, entity, name, cp, type1, type2, level, date_caught, user_id, gym_id) values (66, 'weepinbell', 'Willie', 609, 'Fairy', 'Dark', 60, '2016/10/07', 93, null);
insert into pokemon (pokemon_id, entity, name, cp, type1, type2, level, date_caught, user_id, gym_id) values (67, 'clefairy', 'Jessica', 276, 'Ice', null, 92, '2015/12/01', 48, 66);
insert into pokemon (pokemon_id, entity, name, cp, type1, type2, level, date_caught, user_id, gym_id) values (68, 'kabutops', 'Virginia', 81, 'Normal', 'Ground', 95, '2016/05/30', 37, null);
insert into pokemon (pokemon_id, entity, name, cp, type1, type2, level, date_caught, user_id, gym_id) values (69, 'mewtwo', 'Joseph', 461, 'Flying', 'Bug', 58, '2016/03/06', 39, null);
insert into pokemon (pokemon_id, entity, name, cp, type1, type2, level, date_caught, user_id, gym_id) values (70, 'dragonite', 'Alice', 696, 'Ghost', 'Dark', 89, '2016/03/09', 3, 89);
insert into pokemon (pokemon_id, entity, name, cp, type1, type2, level, date_caught, user_id, gym_id) values (71, 'kakuna', 'Frank', 836, 'Poison', 'Steel', 6, '2015/12/20', 76, 91);
insert into pokemon (pokemon_id, entity, name, cp, type1, type2, level, date_caught, user_id, gym_id) values (72, 'ekans', 'Howard', 630, 'Electric', 'Fighting', 84, '2016/06/29', 32, null);
insert into pokemon (pokemon_id, entity, name, cp, type1, type2, level, date_caught, user_id, gym_id) values (73, 'blastoise', 'Wanda', 407, 'Fire', 'Fire', 12, '2016/10/15', 14, null);
insert into pokemon (pokemon_id, entity, name, cp, type1, type2, level, date_caught, user_id, gym_id) values (74, 'poliwrath', 'Gloria', 45, 'Steel', 'Bug', 43, '2015/12/21', 69, 54);
insert into pokemon (pokemon_id, entity, name, cp, type1, type2, level, date_caught, user_id, gym_id) values (75, 'vaporeon', 'Patrick', 999, 'Flying', 'Psychic', 63, '2015/12/28', 2, 74);
insert into pokemon (pokemon_id, entity, name, cp, type1, type2, level, date_caught, user_id, gym_id) values (76, 'magnetron', 'Juan', 321, 'Dragon', 'Steel', 60, '2016/09/12', 14, null);
insert into pokemon (pokemon_id, entity, name, cp, type1, type2, level, date_caught, user_id, gym_id) values (77, 'sandshrew', 'Mildred', 902, 'Flying', 'Ground', 86, '2016/04/07', 6, null);
insert into pokemon (pokemon_id, entity, name, cp, type1, type2, level, date_caught, user_id, gym_id) values (78, 'nidoqueen', 'Frances', 19, 'Ghost', 'Ice', 9, '2016/04/03', 10, null);
insert into pokemon (pokemon_id, entity, name, cp, type1, type2, level, date_caught, user_id, gym_id) values (79, 'growlithe', 'Bobby', 157, 'Fire', 'Water', 83, '2016/10/05', 57, 67);
insert into pokemon (pokemon_id, entity, name, cp, type1, type2, level, date_caught, user_id, gym_id) values (80, 'mr-mime', 'Brandon', 750, 'Grass', 'Steel', 13, '2016/07/06', 43, 23);
insert into pokemon (pokemon_id, entity, name, cp, type1, type2, level, date_caught, user_id, gym_id) values (81, 'lickitung', 'Juan', 7, 'Ghost', 'Ground', 52, '2016/10/13', 95, 65);
insert into pokemon (pokemon_id, entity, name, cp, type1, type2, level, date_caught, user_id, gym_id) values (82, 'dragonite', 'Sharon', 503, 'Fire', 'Dragon', 66, '2016/06/03', 93, null);
insert into pokemon (pokemon_id, entity, name, cp, type1, type2, level, date_caught, user_id, gym_id) values (83, 'koffing', 'Carolyn', 357, 'Ground', 'Ghost', 77, '2016/08/23', 78, 23);
insert into pokemon (pokemon_id, entity, name, cp, type1, type2, level, date_caught, user_id, gym_id) values (84, 'mr-mime', 'Andrew', 707, 'Psychic', 'Rock', 21, '2016/04/22', 24, null);
insert into pokemon (pokemon_id, entity, name, cp, type1, type2, level, date_caught, user_id, gym_id) values (85, 'tangela', 'Lawrence', 212, 'Dark', 'Psychic', 69, '2016/05/23', 14, 6);
insert into pokemon (pokemon_id, entity, name, cp, type1, type2, level, date_caught, user_id, gym_id) values (86, 'gengar', 'Debra', 241, 'Water', 'Ground', 63, '2016/03/01', 15, 61);
insert into pokemon (pokemon_id, entity, name, cp, type1, type2, level, date_caught, user_id, gym_id) values (87, 'charmander', 'Jonathan', 758, 'Ghost', 'Fairy', 32, '2016/08/25', 13, null);
insert into pokemon (pokemon_id, entity, name, cp, type1, type2, level, date_caught, user_id, gym_id) values (88, 'bulbasaur', 'Ryan', 923, 'Fairy', 'Bug', 62, '2016/06/29', 69, 27);
insert into pokemon (pokemon_id, entity, name, cp, type1, type2, level, date_caught, user_id, gym_id) values (89, 'weezing', 'Julia', 881, 'Rock', 'Psychic', 65, '2016/09/26', 98, 87);
insert into pokemon (pokemon_id, entity, name, cp, type1, type2, level, date_caught, user_id, gym_id) values (90, 'charmeleon', 'Patrick', 524, 'Steel', 'Rock', 96, '2016/10/31', 88, 84);
insert into pokemon (pokemon_id, entity, name, cp, type1, type2, level, date_caught, user_id, gym_id) values (91, 'charmeleon', 'Sandra', 323, 'Dark', 'Electric', 71, '2015/12/22', 33, null);
insert into pokemon (pokemon_id, entity, name, cp, type1, type2, level, date_caught, user_id, gym_id) values (92, 'ivysaur', 'Pamela', 216, 'Fire', 'Fire', 78, '2016/05/22', 99, null);
insert into pokemon (pokemon_id, entity, name, cp, type1, type2, level, date_caught, user_id, gym_id) values (93, 'caterpie', 'Rebecca', 645, 'Dragon', 'Dark', 29, '2016/04/03', 10, 24);
insert into pokemon (pokemon_id, entity, name, cp, type1, type2, level, date_caught, user_id, gym_id) values (94, 'hitmonchan', 'Phillip', 530, 'Normal', 'Bug', 82, '2016/02/08', 16, 46);
insert into pokemon (pokemon_id, entity, name, cp, type1, type2, level, date_caught, user_id, gym_id) values (95, 'kabuto', 'Joshua', 370, 'Psychic', 'Bug', 55, '2016/02/26', 11, 77);
insert into pokemon (pokemon_id, entity, name, cp, type1, type2, level, date_caught, user_id, gym_id) values (96, 'kadabra', 'Justin', 641, 'Psychic', null, 45, '2016/02/21', 91, 65);
insert into pokemon (pokemon_id, entity, name, cp, type1, type2, level, date_caught, user_id, gym_id) values (97, 'ditto', 'Theresa', 898, 'Ground', 'Fire', 32, '2016/05/12', 44, null);
insert into pokemon (pokemon_id, entity, name, cp, type1, type2, level, date_caught, user_id, gym_id) values (98, 'arbok', 'Laura', 582, 'Ground', 'Water', 57, '2016/02/26', 100, 16);
insert into pokemon (pokemon_id, entity, name, cp, type1, type2, level, date_caught, user_id, gym_id) values (99, 'pikachu', 'Julia', 235, 'Fairy', 'Dark', 10, '2016/03/29', 77, null);
insert into pokemon (pokemon_id, entity, name, cp, type1, type2, level, date_caught, user_id, gym_id) values (100, 'growlithe', 'Betty', 724, 'Normal', 'Ground', 87, '2016/03/03', 5, 59);
insert into pokemon (pokemon_id, entity, name, cp, type1, type2, level, date_caught, user_id, gym_id) values (101, 'farfetchd', 'Marilyn', 67, 'Electric', 'Dark', 27, '2016/05/11', 15, 48);
insert into pokemon (pokemon_id, entity, name, cp, type1, type2, level, date_caught, user_id, gym_id) values (102, 'vulpix', 'Harold', 292, 'Flying', 'Poison', 66, '2016/11/14', 19, 41);
insert into pokemon (pokemon_id, entity, name, cp, type1, type2, level, date_caught, user_id, gym_id) values (103, 'articuno', 'Janet', 900, 'Ice', 'Steel', 22, '2016/03/30', 66, 13);
insert into pokemon (pokemon_id, entity, name, cp, type1, type2, level, date_caught, user_id, gym_id) values (104, 'ninetales', 'Janice', 713, 'Steel', 'Dark', 11, '2016/10/01', 72, null);
insert into pokemon (pokemon_id, entity, name, cp, type1, type2, level, date_caught, user_id, gym_id) values (105, 'caterpie', 'James', 261, 'Ghost', 'Steel', 23, '2016/05/13', 30, 3);
insert into pokemon (pokemon_id, entity, name, cp, type1, type2, level, date_caught, user_id, gym_id) values (106, 'vileplume', 'William', 273, 'Ground', 'Dragon', 64, '2016/08/15', 63, null);
insert into pokemon (pokemon_id, entity, name, cp, type1, type2, level, date_caught, user_id, gym_id) values (107, 'vileplume', 'Melissa', 207, 'Dragon', 'Dragon', 24, '2016/09/15', 81, null);
insert into pokemon (pokemon_id, entity, name, cp, type1, type2, level, date_caught, user_id, gym_id) values (108, 'seadra', 'Kelly', 565, 'Steel', 'Flying', 67, '2016/05/17', 51, 73);
insert into pokemon (pokemon_id, entity, name, cp, type1, type2, level, date_caught, user_id, gym_id) values (109, 'dragonair', 'Theresa', 358, 'Ghost', 'Fairy', 84, '2016/07/06', 94, 78);
insert into pokemon (pokemon_id, entity, name, cp, type1, type2, level, date_caught, user_id, gym_id) values (110, 'kangaskhan', 'Shirley', 862, 'Ghost', 'Steel', 82, '2016/05/10', 55, 23);
insert into pokemon (pokemon_id, entity, name, cp, type1, type2, level, date_caught, user_id, gym_id) values (111, 'fearow', 'Randy', 950, 'Flying', 'Psychic', 78, '2016/03/13', 7, null);
insert into pokemon (pokemon_id, entity, name, cp, type1, type2, level, date_caught, user_id, gym_id) values (112, 'magmar', 'Ronald', 412, 'Rock', null, 8, '2016/09/24', 71, 30);
insert into pokemon (pokemon_id, entity, name, cp, type1, type2, level, date_caught, user_id, gym_id) values (113, 'nidorina', 'Rebecca', 587, 'Electric', 'Fairy', 26, '2016/06/18', 17, null);
insert into pokemon (pokemon_id, entity, name, cp, type1, type2, level, date_caught, user_id, gym_id) values (114, 'charizard', 'Gary', 663, 'Fighting', 'Dark', 12, '2016/10/18', 14, null);
insert into pokemon (pokemon_id, entity, name, cp, type1, type2, level, date_caught, user_id, gym_id) values (115, 'voltorb', 'Bruce', 17, 'Fire', 'Rock', 84, '2015/12/30', 10, 43);
insert into pokemon (pokemon_id, entity, name, cp, type1, type2, level, date_caught, user_id, gym_id) values (116, 'raichu', 'Jose', 306, 'Rock', 'Normal', 3, '2016/02/17', 63, null);
insert into pokemon (pokemon_id, entity, name, cp, type1, type2, level, date_caught, user_id, gym_id) values (117, 'shellder', 'Jack', 369, 'Rock', 'Dragon', 54, '2016/03/24', 78, 50);
insert into pokemon (pokemon_id, entity, name, cp, type1, type2, level, date_caught, user_id, gym_id) values (118, 'lapras', 'Linda', 380, 'Rock', 'Dark', 85, '2016/09/24', 69, 89);
insert into pokemon (pokemon_id, entity, name, cp, type1, type2, level, date_caught, user_id, gym_id) values (119, 'gyarados', 'Christine', 108, 'Psychic', 'Fire', 54, '2016/06/28', 90, null);
insert into pokemon (pokemon_id, entity, name, cp, type1, type2, level, date_caught, user_id, gym_id) values (120, 'raticate', 'Martha', 770, 'Rock', 'Ice', 37, '2016/05/25', 44, 13);
insert into pokemon (pokemon_id, entity, name, cp, type1, type2, level, date_caught, user_id, gym_id) values (121, 'slowpoke', 'Theresa', 1, 'Water', 'Dragon', 49, '2016/04/02', 90, null);
insert into pokemon (pokemon_id, entity, name, cp, type1, type2, level, date_caught, user_id, gym_id) values (122, 'machoke', 'Julie', 301, 'Electric', 'Steel', 74, '2016/03/06', 70, 38);
insert into pokemon (pokemon_id, entity, name, cp, type1, type2, level, date_caught, user_id, gym_id) values (123, 'psyduck', 'Lawrence', 764, 'Fairy', 'Ground', 27, '2016/07/25', 62, 2);
insert into pokemon (pokemon_id, entity, name, cp, type1, type2, level, date_caught, user_id, gym_id) values (124, 'seadra', 'Stephen', 534, 'Flying', 'Water', 20, '2015/12/18', 25, null);
insert into pokemon (pokemon_id, entity, name, cp, type1, type2, level, date_caught, user_id, gym_id) values (125, 'poliwhirl', 'Theresa', 843, 'Rock', 'Fairy', 43, '2016/01/16', 97, 98);
insert into pokemon (pokemon_id, entity, name, cp, type1, type2, level, date_caught, user_id, gym_id) values (126, 'sandslash', 'Linda', 929, 'Bug', null, 31, '2016/11/10', 41, 76);
insert into pokemon (pokemon_id, entity, name, cp, type1, type2, level, date_caught, user_id, gym_id) values (127, 'starmie', 'Arthur', 345, 'Bug', 'Flying', 14, '2016/08/19', 37, null);
insert into pokemon (pokemon_id, entity, name, cp, type1, type2, level, date_caught, user_id, gym_id) values (128, 'persian', 'Joan', 316, 'Poison', 'Poison', 100, '2016/08/10', 60, null);
insert into pokemon (pokemon_id, entity, name, cp, type1, type2, level, date_caught, user_id, gym_id) values (129, 'poliwag', 'Matthew', 932, 'Bug', 'Fighting', 33, '2016/03/24', 39, 20);
insert into pokemon (pokemon_id, entity, name, cp, type1, type2, level, date_caught, user_id, gym_id) values (130, 'psyduck', 'Jeremy', 209, 'Steel', 'Flying', 74, '2016/04/09', 98, 77);
insert into pokemon (pokemon_id, entity, name, cp, type1, type2, level, date_caught, user_id, gym_id) values (131, 'weezing', 'Michelle', 461, 'Ground', 'Ice', 51, '2016/07/08', 83, null);
insert into pokemon (pokemon_id, entity, name, cp, type1, type2, level, date_caught, user_id, gym_id) values (132, 'mewtwo', 'Bobby', 609, 'Bug', 'Steel', 66, '2016/01/21', 76, null);
insert into pokemon (pokemon_id, entity, name, cp, type1, type2, level, date_caught, user_id, gym_id) values (133, 'nidoking', 'Earl', 613, 'Bug', 'Steel', 72, '2015/12/20', 67, 32);
insert into pokemon (pokemon_id, entity, name, cp, type1, type2, level, date_caught, user_id, gym_id) values (134, 'fearow', 'Melissa', 563, 'Bug', 'Ice', 79, '2015/12/27', 45, 87);
insert into pokemon (pokemon_id, entity, name, cp, type1, type2, level, date_caught, user_id, gym_id) values (135, 'beedrill', 'Shirley', 77, 'Poison', 'Poison', 60, '2016/11/20', 20, null);
insert into pokemon (pokemon_id, entity, name, cp, type1, type2, level, date_caught, user_id, gym_id) values (136, 'magikarp', 'Henry', 558, 'Ground', 'Ghost', 4, '2016/04/27', 49, null);
insert into pokemon (pokemon_id, entity, name, cp, type1, type2, level, date_caught, user_id, gym_id) values (137, 'kingler', 'Patricia', 881, 'Fighting', 'Ground', 35, '2016/08/25', 33, null);
insert into pokemon (pokemon_id, entity, name, cp, type1, type2, level, date_caught, user_id, gym_id) values (138, 'golbat', 'Nicholas', 712, 'Fire', 'Steel', 32, '2016/04/15', 80, 5);
insert into pokemon (pokemon_id, entity, name, cp, type1, type2, level, date_caught, user_id, gym_id) values (139, 'porygon', 'Ashley', 867, 'Steel', 'Ice', 66, '2016/01/11', 60, null);
insert into pokemon (pokemon_id, entity, name, cp, type1, type2, level, date_caught, user_id, gym_id) values (140, 'dratini', 'Todd', 29, 'Ice', 'Rock', 41, '2015/12/18', 5, 78);
insert into pokemon (pokemon_id, entity, name, cp, type1, type2, level, date_caught, user_id, gym_id) values (141, 'pinsir', 'Shawn', 17, 'Rock', 'Ice', 49, '2016/09/22', 100, null);
insert into pokemon (pokemon_id, entity, name, cp, type1, type2, level, date_caught, user_id, gym_id) values (142, 'growlithe', 'Joan', 43, 'Ice', 'Rock', 64, '2016/05/10', 27, null);
insert into pokemon (pokemon_id, entity, name, cp, type1, type2, level, date_caught, user_id, gym_id) values (143, 'ekans', 'Lori', 671, 'Ghost', 'Flying', 37, '2016/05/06', 52, 55);
insert into pokemon (pokemon_id, entity, name, cp, type1, type2, level, date_caught, user_id, gym_id) values (144, 'seaking', 'Harry', 419, 'Ghost', 'Ice', 73, '2016/04/03', 21, null);
insert into pokemon (pokemon_id, entity, name, cp, type1, type2, level, date_caught, user_id, gym_id) values (145, 'pinsir', 'Todd', 513, 'Bug', 'Dark', 51, '2015/12/15', 97, 69);
insert into pokemon (pokemon_id, entity, name, cp, type1, type2, level, date_caught, user_id, gym_id) values (146, 'persian', 'Ronald', 42, 'Ghost', 'Dragon', 52, '2016/11/04', 69, null);
insert into pokemon (pokemon_id, entity, name, cp, type1, type2, level, date_caught, user_id, gym_id) values (147, 'poliwrath', 'Nicole', 852, 'Fire', 'Psychic', 50, '2016/07/08', 66, null);
insert into pokemon (pokemon_id, entity, name, cp, type1, type2, level, date_caught, user_id, gym_id) values (148, 'zapdos', 'Beverly', 305, 'Dark', 'Ghost', 20, '2016/08/24', 88, null);
insert into pokemon (pokemon_id, entity, name, cp, type1, type2, level, date_caught, user_id, gym_id) values (149, 'abra', 'Jean', 669, 'Steel', 'Psychic', 83, '2016/02/28', 97, null);
insert into pokemon (pokemon_id, entity, name, cp, type1, type2, level, date_caught, user_id, gym_id) values (150, 'electabuzz', 'Paul', 424, 'Poison', 'Psychic', 75, '2016/09/13', 24, null);
insert into pokemon (pokemon_id, entity, name, cp, type1, type2, level, date_caught, user_id, gym_id) values (151, 'golbat', 'Ernest', 237, 'Dark', 'Bug', 74, '2016/01/06', 9, null);
insert into pokemon (pokemon_id, entity, name, cp, type1, type2, level, date_caught, user_id, gym_id) values (152, 'rattata', 'Lori', 714, 'Dragon', 'Poison', 6, '2016/04/08', 21, null);
insert into pokemon (pokemon_id, entity, name, cp, type1, type2, level, date_caught, user_id, gym_id) values (153, 'alakazam', 'Joan', 131, 'Psychic', 'Ground', 47, '2016/08/01', 79, 54);
insert into pokemon (pokemon_id, entity, name, cp, type1, type2, level, date_caught, user_id, gym_id) values (154, 'kangaskhan', 'Ralph', 53, 'Grass', 'Psychic', 54, '2016/09/29', 74, 75);
insert into pokemon (pokemon_id, entity, name, cp, type1, type2, level, date_caught, user_id, gym_id) values (155, 'poliwhirl', 'Benjamin', 249, 'Psychic', 'Bug', 97, '2016/02/17', 97, null);
insert into pokemon (pokemon_id, entity, name, cp, type1, type2, level, date_caught, user_id, gym_id) values (156, 'cubone', 'Sharon', 472, 'Ghost', 'Bug', 53, '2016/08/13', 28, null);
insert into pokemon (pokemon_id, entity, name, cp, type1, type2, level, date_caught, user_id, gym_id) values (157, 'seaking', 'Alice', 157, 'Ice', 'Normal', 40, '2016/01/31', 74, null);
insert into pokemon (pokemon_id, entity, name, cp, type1, type2, level, date_caught, user_id, gym_id) values (158, 'vulpix', 'Frances', 845, 'Bug', 'Fairy', 55, '2016/03/24', 61, 17);
insert into pokemon (pokemon_id, entity, name, cp, type1, type2, level, date_caught, user_id, gym_id) values (159, 'exeggcute', 'Edward', 485, 'Ghost', 'Psychic', 89, '2015/12/08', 23, null);
insert into pokemon (pokemon_id, entity, name, cp, type1, type2, level, date_caught, user_id, gym_id) values (160, 'rhydon', 'Susan', 635, 'Rock', 'Grass', 65, '2016/10/13', 82, 17);
insert into pokemon (pokemon_id, entity, name, cp, type1, type2, level, date_caught, user_id, gym_id) values (161, 'kabuto', 'Angela', 674, 'Normal', 'Dragon', 92, '2016/09/08', 66, null);
insert into pokemon (pokemon_id, entity, name, cp, type1, type2, level, date_caught, user_id, gym_id) values (162, 'hypno', 'Paula', 200, 'Fire', 'Ghost', 90, '2016/04/23', 11, 2);
insert into pokemon (pokemon_id, entity, name, cp, type1, type2, level, date_caught, user_id, gym_id) values (163, 'beedrill', 'Joe', 888, 'Normal', 'Fighting', 1, '2016/08/15', 34, 28);
insert into pokemon (pokemon_id, entity, name, cp, type1, type2, level, date_caught, user_id, gym_id) values (164, 'scyther', 'Kathy', 590, 'Poison', 'Grass', 50, '2016/09/28', 96, null);
insert into pokemon (pokemon_id, entity, name, cp, type1, type2, level, date_caught, user_id, gym_id) values (165, 'vileplume', 'Keith', 672, 'Fairy', null, 49, '2016/08/02', 81, 100);
insert into pokemon (pokemon_id, entity, name, cp, type1, type2, level, date_caught, user_id, gym_id) values (166, 'omastar', 'Scott', 422, 'Steel', 'Water', 79, '2016/05/12', 45, 67);
insert into pokemon (pokemon_id, entity, name, cp, type1, type2, level, date_caught, user_id, gym_id) values (167, 'drowzee', 'Melissa', 620, 'Poison', 'Steel', 53, '2015/12/19', 29, null);
insert into pokemon (pokemon_id, entity, name, cp, type1, type2, level, date_caught, user_id, gym_id) values (168, 'golbat', 'Jessica', 206, 'Psychic', 'Electric', 87, '2015/11/27', 73, 40);
insert into pokemon (pokemon_id, entity, name, cp, type1, type2, level, date_caught, user_id, gym_id) values (169, 'diglett', 'Theresa', 695, 'Normal', 'Electric', 21, '2015/12/16', 13, null);
insert into pokemon (pokemon_id, entity, name, cp, type1, type2, level, date_caught, user_id, gym_id) values (170, 'ekans', 'Bobby', 751, 'Ghost', null, 29, '2016/08/27', 93, null);
insert into pokemon (pokemon_id, entity, name, cp, type1, type2, level, date_caught, user_id, gym_id) values (171, 'bellsprout', 'Doris', 191, 'Ghost', 'Grass', 67, '2015/12/01', 20, 28);
insert into pokemon (pokemon_id, entity, name, cp, type1, type2, level, date_caught, user_id, gym_id) values (172, 'chansy', 'Jane', 432, 'Steel', 'Fire', 26, '2016/04/28', 8, 55);
insert into pokemon (pokemon_id, entity, name, cp, type1, type2, level, date_caught, user_id, gym_id) values (173, 'poliwhirl', 'Ralph', 312, 'Dragon', null, 79, '2016/02/25', 26, 24);
insert into pokemon (pokemon_id, entity, name, cp, type1, type2, level, date_caught, user_id, gym_id) values (174, 'dragonite', 'Paul', 961, 'Dragon', 'Ice', 50, '2016/02/20', 61, null);
insert into pokemon (pokemon_id, entity, name, cp, type1, type2, level, date_caught, user_id, gym_id) values (175, 'articuno', 'Robert', 858, 'Dark', 'Fairy', 10, '2016/11/17', 45, 11);
insert into pokemon (pokemon_id, entity, name, cp, type1, type2, level, date_caught, user_id, gym_id) values (176, 'golbat', 'Jean', 176, 'Poison', 'Normal', 92, '2016/08/30', 71, 56);
insert into pokemon (pokemon_id, entity, name, cp, type1, type2, level, date_caught, user_id, gym_id) values (177, 'gyarados', 'Mary', 158, 'Fire', 'Fire', 65, '2016/05/05', 79, null);
insert into pokemon (pokemon_id, entity, name, cp, type1, type2, level, date_caught, user_id, gym_id) values (178, 'machoke', 'Jason', 114, 'Ground', 'Steel', 63, '2016/06/20', 45, null);
insert into pokemon (pokemon_id, entity, name, cp, type1, type2, level, date_caught, user_id, gym_id) values (179, 'ditto', 'Emily', 525, 'Steel', null, 97, '2016/01/23', 71, null);
insert into pokemon (pokemon_id, entity, name, cp, type1, type2, level, date_caught, user_id, gym_id) values (180, 'omastar', 'Paul', 437, 'Dragon', 'Grass', 29, '2015/12/22', 21, null);
insert into pokemon (pokemon_id, entity, name, cp, type1, type2, level, date_caught, user_id, gym_id) values (181, 'pidgey', 'Matthew', 357, 'Ice', 'Bug', 13, '2016/07/27', 8, 100);
insert into pokemon (pokemon_id, entity, name, cp, type1, type2, level, date_caught, user_id, gym_id) values (182, 'seadra', 'John', 553, 'Fighting', 'Dragon', 21, '2016/09/26', 57, 45);
insert into pokemon (pokemon_id, entity, name, cp, type1, type2, level, date_caught, user_id, gym_id) values (183, 'poliwag', 'Ashley', 432, 'Dark', 'Grass', 86, '2016/07/02', 80, null);
insert into pokemon (pokemon_id, entity, name, cp, type1, type2, level, date_caught, user_id, gym_id) values (184, 'slowbro', 'Andrea', 52, 'Ghost', 'Dark', 48, '2016/03/21', 41, null);
insert into pokemon (pokemon_id, entity, name, cp, type1, type2, level, date_caught, user_id, gym_id) values (185, 'dodrio', 'Craig', 221, 'Fairy', 'Fire', 85, '2016/03/05', 19, null);
insert into pokemon (pokemon_id, entity, name, cp, type1, type2, level, date_caught, user_id, gym_id) values (186, 'shellder', 'Susan', 678, 'Water', 'Flying', 65, '2016/04/27', 6, null);
insert into pokemon (pokemon_id, entity, name, cp, type1, type2, level, date_caught, user_id, gym_id) values (187, 'machop', 'Martha', 84, 'Ghost', 'Fairy', 75, '2016/08/02', 93, 78);
insert into pokemon (pokemon_id, entity, name, cp, type1, type2, level, date_caught, user_id, gym_id) values (188, 'golem', 'Wayne', 43, 'Rock', 'Flying', 6, '2016/04/03', 80, 40);
insert into pokemon (pokemon_id, entity, name, cp, type1, type2, level, date_caught, user_id, gym_id) values (189, 'snorlax', 'Brandon', 525, 'Fire', 'Ground', 61, '2016/04/15', 45, null);
insert into pokemon (pokemon_id, entity, name, cp, type1, type2, level, date_caught, user_id, gym_id) values (190, 'kabuto', 'Jeremy', 314, 'Steel', 'Poison', 32, '2016/08/11', 12, 36);
insert into pokemon (pokemon_id, entity, name, cp, type1, type2, level, date_caught, user_id, gym_id) values (191, 'nidoqueen', 'Gregory', 866, 'Fairy', 'Ghost', 20, '2016/07/27', 37, 75);
insert into pokemon (pokemon_id, entity, name, cp, type1, type2, level, date_caught, user_id, gym_id) values (192, 'dragonair', 'Craig', 313, 'Poison', 'Grass', 95, '2016/07/05', 98, null);
insert into pokemon (pokemon_id, entity, name, cp, type1, type2, level, date_caught, user_id, gym_id) values (193, 'pidgey', 'Marilyn', 859, 'Psychic', 'Ghost', 67, '2016/08/17', 45, 27);
insert into pokemon (pokemon_id, entity, name, cp, type1, type2, level, date_caught, user_id, gym_id) values (194, 'starmie', 'Thomas', 948, 'Psychic', null, 83, '2016/03/02', 8, null);
insert into pokemon (pokemon_id, entity, name, cp, type1, type2, level, date_caught, user_id, gym_id) values (195, 'ninetales', 'Nancy', 520, 'Water', 'Electric', 2, '2016/10/03', 92, 89);
insert into pokemon (pokemon_id, entity, name, cp, type1, type2, level, date_caught, user_id, gym_id) values (196, 'doduo', 'Doris', 500, 'Bug', 'Steel', 34, '2016/08/04', 16, null);
insert into pokemon (pokemon_id, entity, name, cp, type1, type2, level, date_caught, user_id, gym_id) values (197, 'poliwhirl', 'Sharon', 55, 'Psychic', 'Normal', 48, '2015/12/14', 10, 46);
insert into pokemon (pokemon_id, entity, name, cp, type1, type2, level, date_caught, user_id, gym_id) values (198, 'exeggutor', 'Jesse', 114, 'Steel', 'Ice', 26, '2016/02/24', 20, 43);
insert into pokemon (pokemon_id, entity, name, cp, type1, type2, level, date_caught, user_id, gym_id) values (199, 'hitmonchan', 'Philip', 818, 'Ghost', 'Ice', 23, '2016/04/18', 25, 80);
insert into pokemon (pokemon_id, entity, name, cp, type1, type2, level, date_caught, user_id, gym_id) values (200, 'staryu', 'Judith', 317, 'Ghost', 'Fairy', 95, '2016/07/24', 43, null);
insert into pokemon (pokemon_id, entity, name, cp, type1, type2, level, date_caught, user_id, gym_id) values (201, 'poliwhirl', 'Roger', 356, 'Ghost', 'Bug', 58, '2016/10/22', 94, null);
insert into pokemon (pokemon_id, entity, name, cp, type1, type2, level, date_caught, user_id, gym_id) values (202, 'poliwrath', 'Willie', 32, 'Steel', 'Fighting', 91, '2016/04/16', 39, 79);
insert into pokemon (pokemon_id, entity, name, cp, type1, type2, level, date_caught, user_id, gym_id) values (203, 'golduck', 'Stephanie', 803, 'Fairy', null, 36, '2016/10/03', 17, null);
insert into pokemon (pokemon_id, entity, name, cp, type1, type2, level, date_caught, user_id, gym_id) values (204, 'flareon', 'Roger', 884, 'Psychic', 'Dark', 42, '2016/10/30', 63, 84);
insert into pokemon (pokemon_id, entity, name, cp, type1, type2, level, date_caught, user_id, gym_id) values (205, 'bulbasaur', 'Emily', 408, 'Dragon', 'Water', 76, '2016/04/27', 32, null);
insert into pokemon (pokemon_id, entity, name, cp, type1, type2, level, date_caught, user_id, gym_id) values (206, 'tauros', 'Karen', 38, 'Grass', 'Ghost', 55, '2016/02/14', 31, 27);
insert into pokemon (pokemon_id, entity, name, cp, type1, type2, level, date_caught, user_id, gym_id) values (207, 'sandshrew', 'Shirley', 742, 'Dark', 'Bug', 19, '2016/03/06', 36, null);
insert into pokemon (pokemon_id, entity, name, cp, type1, type2, level, date_caught, user_id, gym_id) values (208, 'persian', 'Joe', 38, 'Fire', 'Electric', 27, '2016/02/03', 46, null);
insert into pokemon (pokemon_id, entity, name, cp, type1, type2, level, date_caught, user_id, gym_id) values (209, 'diglett', 'Marie', 990, 'Ghost', null, 33, '2016/10/20', 87, null);
insert into pokemon (pokemon_id, entity, name, cp, type1, type2, level, date_caught, user_id, gym_id) values (210, 'diglett', 'Helen', 592, 'Psychic', 'Flying', 57, '2016/09/24', 29, 98);
insert into pokemon (pokemon_id, entity, name, cp, type1, type2, level, date_caught, user_id, gym_id) values (211, 'kingler', 'Janice', 921, 'Grass', 'Ground', 21, '2016/06/22', 15, null);
insert into pokemon (pokemon_id, entity, name, cp, type1, type2, level, date_caught, user_id, gym_id) values (212, 'kabutops', 'Rebecca', 463, 'Grass', 'Flying', 98, '2016/09/01', 54, 7);
insert into pokemon (pokemon_id, entity, name, cp, type1, type2, level, date_caught, user_id, gym_id) values (213, 'magmar', 'David', 821, 'Ice', 'Dragon', 6, '2016/10/03', 93, null);
insert into pokemon (pokemon_id, entity, name, cp, type1, type2, level, date_caught, user_id, gym_id) values (214, 'hitmonlee', 'Margaret', 205, 'Dark', 'Ground', 98, '2016/07/24', 67, null);
insert into pokemon (pokemon_id, entity, name, cp, type1, type2, level, date_caught, user_id, gym_id) values (215, 'mew', 'Patrick', 820, 'Normal', 'Fire', 3, '2016/06/09', 75, 92);
insert into pokemon (pokemon_id, entity, name, cp, type1, type2, level, date_caught, user_id, gym_id) values (216, 'magnemite', 'Anthony', 914, 'Fairy', 'Fairy', 62, '2016/09/14', 66, 60);
insert into pokemon (pokemon_id, entity, name, cp, type1, type2, level, date_caught, user_id, gym_id) values (217, 'venusaur', 'Debra', 100, 'Fire', 'Ice', 55, '2016/08/02', 2, 50);
insert into pokemon (pokemon_id, entity, name, cp, type1, type2, level, date_caught, user_id, gym_id) values (218, 'golduck', 'Lois', 296, 'Fighting', 'Electric', 66, '2016/10/20', 37, null);
insert into pokemon (pokemon_id, entity, name, cp, type1, type2, level, date_caught, user_id, gym_id) values (219, 'porygon', 'Brandon', 363, 'Ice', 'Fairy', 12, '2016/01/01', 7, 11);
insert into pokemon (pokemon_id, entity, name, cp, type1, type2, level, date_caught, user_id, gym_id) values (220, 'grimer', 'Brian', 69, 'Grass', 'Grass', 9, '2016/06/20', 70, 95);
insert into pokemon (pokemon_id, entity, name, cp, type1, type2, level, date_caught, user_id, gym_id) values (221, 'butterfree', 'Evelyn', 573, 'Grass', 'Steel', 89, '2016/11/17', 71, null);
insert into pokemon (pokemon_id, entity, name, cp, type1, type2, level, date_caught, user_id, gym_id) values (222, 'slowbro', 'Wanda', 859, 'Dark', 'Fire', 71, '2016/01/06', 41, null);
insert into pokemon (pokemon_id, entity, name, cp, type1, type2, level, date_caught, user_id, gym_id) values (223, 'voltorb', 'Rebecca', 253, 'Dark', 'Poison', 98, '2016/09/21', 20, 48);
insert into pokemon (pokemon_id, entity, name, cp, type1, type2, level, date_caught, user_id, gym_id) values (224, 'moltres', 'Theresa', 882, 'Poison', 'Fairy', 12, '2016/09/12', 75, null);
insert into pokemon (pokemon_id, entity, name, cp, type1, type2, level, date_caught, user_id, gym_id) values (225, 'blastoise', 'Joe', 188, 'Dark', null, 40, '2016/05/03', 16, 21);
insert into pokemon (pokemon_id, entity, name, cp, type1, type2, level, date_caught, user_id, gym_id) values (226, 'hitmonchan', 'Cheryl', 220, 'Poison', 'Rock', 6, '2015/12/01', 94, null);
insert into pokemon (pokemon_id, entity, name, cp, type1, type2, level, date_caught, user_id, gym_id) values (227, 'clefable', 'Joyce', 322, 'Ground', 'Steel', 73, '2016/06/21', 14, 21);
insert into pokemon (pokemon_id, entity, name, cp, type1, type2, level, date_caught, user_id, gym_id) values (228, 'wartortle', 'Johnny', 256, 'Grass', 'Dark', 57, '2015/11/26', 52, null);
insert into pokemon (pokemon_id, entity, name, cp, type1, type2, level, date_caught, user_id, gym_id) values (229, 'omanyte', 'Margaret', 123, 'Rock', 'Bug', 34, '2016/01/04', 68, null);
insert into pokemon (pokemon_id, entity, name, cp, type1, type2, level, date_caught, user_id, gym_id) values (230, 'starmie', 'Janet', 635, 'Psychic', 'Fighting', 53, '2016/10/28', 91, 97);
insert into pokemon (pokemon_id, entity, name, cp, type1, type2, level, date_caught, user_id, gym_id) values (231, 'psyduck', 'Andrew', 415, 'Ghost', 'Rock', 88, '2016/01/16', 83, 96);
insert into pokemon (pokemon_id, entity, name, cp, type1, type2, level, date_caught, user_id, gym_id) values (232, 'venusaur', 'Stephanie', 653, 'Ice', 'Rock', 55, '2016/03/13', 5, 50);
insert into pokemon (pokemon_id, entity, name, cp, type1, type2, level, date_caught, user_id, gym_id) values (233, 'doduo', 'Terry', 458, 'Flying', 'Grass', 14, '2015/12/09', 32, null);
insert into pokemon (pokemon_id, entity, name, cp, type1, type2, level, date_caught, user_id, gym_id) values (234, 'ponyta', 'Norma', 525, 'Fairy', 'Ground', 62, '2016/06/28', 43, null);
insert into pokemon (pokemon_id, entity, name, cp, type1, type2, level, date_caught, user_id, gym_id) values (235, 'slowbro', 'Debra', 223, 'Steel', 'Ground', 25, '2016/02/22', 83, null);
insert into pokemon (pokemon_id, entity, name, cp, type1, type2, level, date_caught, user_id, gym_id) values (236, 'arbok', 'Billy', 861, 'Ice', 'Fire', 52, '2016/08/21', 78, 91);
insert into pokemon (pokemon_id, entity, name, cp, type1, type2, level, date_caught, user_id, gym_id) values (237, 'persian', 'Arthur', 900, 'Rock', 'Flying', 86, '2016/01/22', 43, 84);
insert into pokemon (pokemon_id, entity, name, cp, type1, type2, level, date_caught, user_id, gym_id) values (238, 'charmander', 'Daniel', 441, 'Poison', 'Dragon', 98, '2016/07/19', 17, 55);
insert into pokemon (pokemon_id, entity, name, cp, type1, type2, level, date_caught, user_id, gym_id) values (239, 'kangaskhan', 'Amy', 297, 'Water', 'Rock', 14, '2016/07/11', 2, null);
insert into pokemon (pokemon_id, entity, name, cp, type1, type2, level, date_caught, user_id, gym_id) values (240, 'butterfree', 'Stephanie', 840, 'Ghost', 'Psychic', 49, '2016/08/08', 45, 34);
insert into pokemon (pokemon_id, entity, name, cp, type1, type2, level, date_caught, user_id, gym_id) values (241, 'raticate', 'Robert', 84, 'Grass', 'Dark', 97, '2016/11/10', 20, null);
insert into pokemon (pokemon_id, entity, name, cp, type1, type2, level, date_caught, user_id, gym_id) values (242, 'vaporeon', 'Steven', 529, 'Ice', null, 73, '2016/11/15', 12, 60);
insert into pokemon (pokemon_id, entity, name, cp, type1, type2, level, date_caught, user_id, gym_id) values (243, 'charmeleon', 'Benjamin', 251, 'Grass', 'Water', 95, '2016/05/21', 65, 40);
insert into pokemon (pokemon_id, entity, name, cp, type1, type2, level, date_caught, user_id, gym_id) values (244, 'chansy', 'Carlos', 265, 'Steel', 'Fairy', 8, '2016/09/11', 44, null);
insert into pokemon (pokemon_id, entity, name, cp, type1, type2, level, date_caught, user_id, gym_id) values (245, 'parasect', 'Roger', 643, 'Rock', 'Steel', 70, '2016/04/04', 44, 48);
insert into pokemon (pokemon_id, entity, name, cp, type1, type2, level, date_caught, user_id, gym_id) values (246, 'zapdos', 'Antonio', 538, 'Fighting', null, 79, '2015/12/28', 91, 12);
insert into pokemon (pokemon_id, entity, name, cp, type1, type2, level, date_caught, user_id, gym_id) values (247, 'cloyster', 'Carol', 492, 'Ice', 'Fighting', 89, '2016/07/07', 56, 51);
insert into pokemon (pokemon_id, entity, name, cp, type1, type2, level, date_caught, user_id, gym_id) values (248, 'vulpix', 'Michelle', 530, 'Ghost', 'Normal', 3, '2016/01/03', 84, null);
insert into pokemon (pokemon_id, entity, name, cp, type1, type2, level, date_caught, user_id, gym_id) values (249, 'gloom', 'Donna', 645, 'Grass', null, 47, '2016/05/18', 86, 45);
insert into pokemon (pokemon_id, entity, name, cp, type1, type2, level, date_caught, user_id, gym_id) values (250, 'pidgeot', 'Nicholas', 175, 'Fairy', 'Psychic', 86, '2016/11/21', 75, null);
insert into pokemon (pokemon_id, entity, name, cp, type1, type2, level, date_caught, user_id, gym_id) values (251, 'exeggcute', 'Margaret', 767, 'Steel', 'Fire', 70, '2016/08/20', 11, null);
insert into pokemon (pokemon_id, entity, name, cp, type1, type2, level, date_caught, user_id, gym_id) values (252, 'blastoise', 'Sara', 245, 'Grass', 'Fighting', 8, '2016/07/23', 64, 38);
insert into pokemon (pokemon_id, entity, name, cp, type1, type2, level, date_caught, user_id, gym_id) values (253, 'mew', 'Irene', 465, 'Fairy', 'Dragon', 24, '2016/06/29', 70, null);
insert into pokemon (pokemon_id, entity, name, cp, type1, type2, level, date_caught, user_id, gym_id) values (254, 'squirtle', 'Martha', 848, 'Flying', 'Dragon', 27, '2016/10/14', 69, 70);
insert into pokemon (pokemon_id, entity, name, cp, type1, type2, level, date_caught, user_id, gym_id) values (255, 'kingler', 'Jeremy', 821, 'Dragon', 'Poison', 54, '2015/12/18', 28, 72);
insert into pokemon (pokemon_id, entity, name, cp, type1, type2, level, date_caught, user_id, gym_id) values (256, 'jynx', 'Beverly', 168, 'Dark', 'Grass', 1, '2016/08/19', 80, 47);
insert into pokemon (pokemon_id, entity, name, cp, type1, type2, level, date_caught, user_id, gym_id) values (257, 'zapdos', 'Terry', 855, 'Fairy', 'Fire', 39, '2016/11/22', 41, 91);
insert into pokemon (pokemon_id, entity, name, cp, type1, type2, level, date_caught, user_id, gym_id) values (258, 'wigglytuff', 'Tammy', 384, 'Fire', 'Water', 72, '2016/07/11', 73, 32);
insert into pokemon (pokemon_id, entity, name, cp, type1, type2, level, date_caught, user_id, gym_id) values (259, 'gyarados', 'Phyllis', 914, 'Bug', 'Steel', 7, '2015/12/13', 5, null);
insert into pokemon (pokemon_id, entity, name, cp, type1, type2, level, date_caught, user_id, gym_id) values (260, 'fearow', 'Lori', 19, 'Poison', null, 50, '2016/10/02', 97, 54);
insert into pokemon (pokemon_id, entity, name, cp, type1, type2, level, date_caught, user_id, gym_id) values (261, 'oddish', 'Emily', 607, 'Ice', 'Fairy', 32, '2016/07/19', 63, 47);
insert into pokemon (pokemon_id, entity, name, cp, type1, type2, level, date_caught, user_id, gym_id) values (262, 'growlithe', 'Frank', 78, 'Fairy', 'Bug', 22, '2016/02/19', 61, null);
insert into pokemon (pokemon_id, entity, name, cp, type1, type2, level, date_caught, user_id, gym_id) values (263, 'goldeen', 'Wayne', 520, 'Ghost', 'Steel', 34, '2016/07/23', 32, null);
insert into pokemon (pokemon_id, entity, name, cp, type1, type2, level, date_caught, user_id, gym_id) values (264, 'pidgeot', 'Roger', 672, 'Ghost', 'Fire', 54, '2016/08/22', 41, null);
insert into pokemon (pokemon_id, entity, name, cp, type1, type2, level, date_caught, user_id, gym_id) values (265, 'marowak', 'Jessica', 198, 'Fighting', 'Psychic', 54, '2016/09/05', 30, null);
insert into pokemon (pokemon_id, entity, name, cp, type1, type2, level, date_caught, user_id, gym_id) values (266, 'mankey', 'Adam', 72, 'Flying', 'Water', 53, '2015/12/20', 23, null);
insert into pokemon (pokemon_id, entity, name, cp, type1, type2, level, date_caught, user_id, gym_id) values (267, 'primeape', 'Peter', 546, 'Dragon', 'Fairy', 97, '2016/08/08', 57, null);
insert into pokemon (pokemon_id, entity, name, cp, type1, type2, level, date_caught, user_id, gym_id) values (268, 'victreebel', 'Ryan', 719, 'Normal', 'Dark', 89, '2016/11/02', 62, null);
insert into pokemon (pokemon_id, entity, name, cp, type1, type2, level, date_caught, user_id, gym_id) values (269, 'ivysaur', 'Dorothy', 848, 'Rock', 'Water', 48, '2016/02/04', 5, 7);
insert into pokemon (pokemon_id, entity, name, cp, type1, type2, level, date_caught, user_id, gym_id) values (270, 'kingler', 'Larry', 841, 'Water', 'Bug', 12, '2016/08/24', 46, null);
insert into pokemon (pokemon_id, entity, name, cp, type1, type2, level, date_caught, user_id, gym_id) values (271, 'clefable', 'Jimmy', 262, 'Electric', null, 95, '2016/01/31', 97, null);
insert into pokemon (pokemon_id, entity, name, cp, type1, type2, level, date_caught, user_id, gym_id) values (272, 'golem', 'Catherine', 781, 'Electric', 'Rock', 56, '2016/02/26', 68, null);
insert into pokemon (pokemon_id, entity, name, cp, type1, type2, level, date_caught, user_id, gym_id) values (273, 'diglett', 'Cheryl', 581, 'Electric', 'Flying', 35, '2016/04/07', 29, 49);
insert into pokemon (pokemon_id, entity, name, cp, type1, type2, level, date_caught, user_id, gym_id) values (274, 'rattata', 'Nicole', 818, 'Flying', 'Fire', 27, '2016/03/31', 20, 41);
insert into pokemon (pokemon_id, entity, name, cp, type1, type2, level, date_caught, user_id, gym_id) values (275, 'exeggutor', 'Charles', 405, 'Ground', 'Fairy', 19, '2015/12/07', 52, null);
insert into pokemon (pokemon_id, entity, name, cp, type1, type2, level, date_caught, user_id, gym_id) values (276, 'magnetron', 'Charles', 107, 'Water', 'Ground', 3, '2016/09/09', 55, 44);
insert into pokemon (pokemon_id, entity, name, cp, type1, type2, level, date_caught, user_id, gym_id) values (277, 'shellder', 'Michael', 268, 'Ghost', 'Ground', 27, '2016/09/19', 95, 61);
insert into pokemon (pokemon_id, entity, name, cp, type1, type2, level, date_caught, user_id, gym_id) values (278, 'dragonair', 'Karen', 246, 'Ground', 'Rock', 62, '2015/12/02', 26, null);
insert into pokemon (pokemon_id, entity, name, cp, type1, type2, level, date_caught, user_id, gym_id) values (279, 'jolteon', 'Jane', 361, 'Normal', 'Grass', 50, '2016/05/15', 9, null);
insert into pokemon (pokemon_id, entity, name, cp, type1, type2, level, date_caught, user_id, gym_id) values (280, 'clefairy', 'Edward', 255, 'Poison', 'Water', 5, '2016/09/26', 67, 88);
insert into pokemon (pokemon_id, entity, name, cp, type1, type2, level, date_caught, user_id, gym_id) values (281, 'charmeleon', 'Stephanie', 735, 'Ice', 'Ice', 5, '2016/05/21', 37, 84);
insert into pokemon (pokemon_id, entity, name, cp, type1, type2, level, date_caught, user_id, gym_id) values (282, 'psyduck', 'Kathleen', 612, 'Fire', 'Steel', 26, '2016/04/04', 30, 74);
insert into pokemon (pokemon_id, entity, name, cp, type1, type2, level, date_caught, user_id, gym_id) values (283, 'starmie', 'Betty', 818, 'Dragon', 'Poison', 19, '2015/12/16', 41, null);
insert into pokemon (pokemon_id, entity, name, cp, type1, type2, level, date_caught, user_id, gym_id) values (284, 'rhyhorn', 'Andrew', 925, 'Bug', 'Water', 57, '2016/09/26', 52, null);
insert into pokemon (pokemon_id, entity, name, cp, type1, type2, level, date_caught, user_id, gym_id) values (285, 'seel', 'Bruce', 266, 'Dragon', 'Fairy', 34, '2016/11/24', 36, 70);
insert into pokemon (pokemon_id, entity, name, cp, type1, type2, level, date_caught, user_id, gym_id) values (286, 'bellsprout', 'Sandra', 236, 'Grass', 'Grass', 33, '2016/09/08', 17, 33);
insert into pokemon (pokemon_id, entity, name, cp, type1, type2, level, date_caught, user_id, gym_id) values (287, 'beedrill', 'Sarah', 233, 'Fairy', 'Psychic', 96, '2016/03/10', 41, 75);
insert into pokemon (pokemon_id, entity, name, cp, type1, type2, level, date_caught, user_id, gym_id) values (288, 'hitmonlee', 'Jimmy', 992, 'Fire', 'Ghost', 90, '2016/01/21', 75, null);
insert into pokemon (pokemon_id, entity, name, cp, type1, type2, level, date_caught, user_id, gym_id) values (289, 'shellder', 'Mildred', 682, 'Grass', 'Psychic', 36, '2016/11/25', 94, 29);
insert into pokemon (pokemon_id, entity, name, cp, type1, type2, level, date_caught, user_id, gym_id) values (290, 'clefairy', 'Irene', 475, 'Water', 'Rock', 100, '2016/05/09', 98, null);
insert into pokemon (pokemon_id, entity, name, cp, type1, type2, level, date_caught, user_id, gym_id) values (291, 'tauros', 'Stephanie', 15, 'Poison', 'Rock', 9, '2016/06/18', 63, null);
insert into pokemon (pokemon_id, entity, name, cp, type1, type2, level, date_caught, user_id, gym_id) values (292, 'venusaur', 'John', 391, 'Steel', 'Grass', 97, '2016/04/24', 26, null);
insert into pokemon (pokemon_id, entity, name, cp, type1, type2, level, date_caught, user_id, gym_id) values (293, 'nidoran-female', 'David', 521, 'Fairy', 'Poison', 17, '2016/08/04', 37, null);
insert into pokemon (pokemon_id, entity, name, cp, type1, type2, level, date_caught, user_id, gym_id) values (294, 'zubat', 'Alan', 723, 'Ice', 'Flying', 63, '2015/12/14', 76, 99);
insert into pokemon (pokemon_id, entity, name, cp, type1, type2, level, date_caught, user_id, gym_id) values (295, 'jolteon', 'Maria', 54, 'Psychic', 'Psychic', 75, '2016/03/11', 3, null);
insert into pokemon (pokemon_id, entity, name, cp, type1, type2, level, date_caught, user_id, gym_id) values (296, 'exeggutor', 'Todd', 34, 'Normal', 'Poison', 77, '2016/07/01', 4, 12);
insert into pokemon (pokemon_id, entity, name, cp, type1, type2, level, date_caught, user_id, gym_id) values (297, 'gengar', 'Sarah', 499, 'Normal', null, 32, '2016/04/05', 29, 72);
insert into pokemon (pokemon_id, entity, name, cp, type1, type2, level, date_caught, user_id, gym_id) values (298, 'bellsprout', 'Patricia', 629, 'Ghost', 'Fairy', 70, '2016/06/24', 4, 21);
insert into pokemon (pokemon_id, entity, name, cp, type1, type2, level, date_caught, user_id, gym_id) values (299, 'golem', 'Tina', 813, 'Water', 'Water', 53, '2016/09/25', 76, null);
insert into pokemon (pokemon_id, entity, name, cp, type1, type2, level, date_caught, user_id, gym_id) values (300, 'magmar', 'Helen', 505, 'Electric', 'Normal', 57, '2016/07/04', 37, null);
insert into user(username, password) values('user', '4f64e118');